rollout/ep_len_mean,rollout/ep_rew_mean,time/iterations,time/time_elapsed,time/fps,time/total_timesteps,train/clip_fraction,train/loss,train/clip_range,train/approx_kl,train/learning_rate,train/explained_variance,train/n_updates,train/policy_gradient_loss,train/value_loss,train/entropy_loss
1000.0,0.0,1,1,1736,2048,,,,,,,,,,
1000.0,0.0,2,2,1536,4096,0.214208984375,-0.03674258291721344,0.2,0.015173568,0.0003,0.018950045108795166,10,-0.020164951961487532,0.0014864261223010544,-1.3730969112366438
1000.0,0.0,3,4,1527,6144,0.25908203125,-0.038321129977703094,0.2,0.01887149,0.0003,0.0737650990486145,20,-0.02235038666112814,0.0005027976511428278,-1.3347317315638065
890.6666666666666,11.11111111111111,4,5,1509,8192,0.191015625,0.0035752796102315187,0.2,0.015438633,0.0003,0.6909698247909546,30,-0.014579772151773796,0.0002564077609008564,-1.3255173232406379
910.5454545454545,9.090909090909092,5,6,1502,10240,0.21044921875,-0.02657511830329895,0.2,0.015858805,0.0003,-0.0021735429763793945,40,-0.007124393762205727,7.965619178846191,-1.33725119009614
924.3076923076923,7.6923076923076925,6,8,1505,12288,0.07431640625,1.3378838300704956,0.2,0.008364685,0.0003,-0.0677565336227417,50,-0.006287547692772932,3.4899592861533164,-1.2759231600910426
934.4,6.666666666666667,7,9,1504,14336,0.2310546875,-0.03577808663249016,0.2,0.017079297,0.0003,-1.4171998500823975,60,-0.02055765720142517,0.002364450147615571,-1.284233396500349
942.1176470588235,5.882352941176471,8,10,1498,16384,0.16123046875,0.23459891974925995,0.2,0.027049437,0.0003,0.6909443438053131,70,-0.00864751213521231,0.4991016201209277,-1.2469400100409984
948.2105263157895,5.2631578947368425,9,12,1495,18432,0.165087890625,0.09729491919279099,0.2,0.014323004,0.0003,0.7432102560997009,80,-0.011179057942354121,0.39818053871858866,-1.2454904031008482
953.1428571428571,4.761904761904762,10,13,1492,20480,0.22607421875,0.618837833404541,0.2,0.024832033,0.0003,0.4547576308250427,90,-0.022913159437302967,1.6662217654287814,-1.2931678645312785
957.2173913043479,4.3478260869565215,11,15,1493,22528,0.25458984375,0.11709734797477722,0.2,0.019309472,0.0003,0.7373353242874146,100,-0.020361783940461464,0.2311444186605513,-1.2651389390230179
924.0769230769231,7.6923076923076925,12,16,1490,24576,0.208203125,0.039806660264730453,0.2,0.019257918,0.0003,0.7428108155727386,110,-0.016811931336997078,0.33497097610961646,-1.2444317512214185
929.5,7.142857142857143,13,17,1490,26624,0.1666015625,0.05487433820962906,0.2,0.025903285,0.0003,0.035453081130981445,120,-0.0028436273016268386,19.6202724646173,-1.0566836506128312
934.2,6.666666666666667,14,19,1489,28672,0.2091796875,0.013942098245024681,0.2,0.031332217,0.0003,0.8923241645097733,130,-0.007403262236039154,0.03514036314409168,-0.9364420857280493
938.3125,6.25,15,20,1488,30720,0.134326171875,-0.019930748268961906,0.2,0.016667292,0.0003,0.027035295963287354,140,-0.01165402602928225,0.015673518897528993,-0.8481605730950832
915.4285714285714,8.571428571428571,16,22,1485,32768,0.212841796875,0.21490344405174255,0.2,0.028087486,0.0003,0.7479369342327118,150,-0.010585424056625926,1.449359821435064,-0.8613190960139037
920.0,8.108108108108109,17,23,1484,34816,0.154736328125,27.759281158447266,0.2,0.01476429,0.0003,0.44054973125457764,160,-0.009302953525912016,19.10320412645815,-0.828560003824532
924.1025641025641,7.6923076923076925,18,24,1483,36864,0.180224609375,0.3103005290031433,0.2,0.01994,0.0003,0.6283606588840485,170,-0.0148190757521661,0.28783507317421025,-0.925483969412744
927.8048780487804,7.317073170731708,19,26,1486,38912,0.160693359375,0.04644911736249924,0.2,0.027587606,0.0003,-13.738526344299316,180,-0.008551909201196395,0.061766156478552145,-1.0986123949289321
931.1627906976744,6.976744186046512,20,27,1486,40960,0.14169921875,0.02933393232524395,0.2,0.031160142,0.0003,-0.031789302825927734,190,-0.01185714839375578,0.006668088449077914,-0.3804420894011855
913.9565217391304,8.695652173913043,21,28,1487,43008,0.073046875,-0.013538281433284283,0.2,0.012789285,0.0003,0.687219500541687,200,-0.0033549033920280634,0.004389778631048102,-0.5678566544316709
900.94,10.0,22,30,1487,45056,0.051611328125,0.016615621745586395,0.2,0.007020245,0.0003,0.4074614644050598,210,-0.005901449854718521,3.6494253749282506,-0.26031977995298805
904.75,9.615384615384615,23,31,1488,47104,0.147509765625,-0.016998957842588425,0.2,0.031836867,0.0003,0.854838028550148,220,-0.013722558578592725,0.6811971121160241,-0.2773064333945513
908.2777777777778,9.25925925925926,24,33,1487,49152,0.130322265625,1.6938958168029785,0.2,0.009284487,0.0003,0.6442530751228333,230,-0.00774168339848984,12.28963090069592,-0.988791061937809
911.5535714285714,8.928571428571429,25,34,1486,51200,0.12421875,10.125828742980957,0.2,0.013885142,0.0003,-0.06840360164642334,240,-0.0023208691854961216,6.486021117027849,-1.020977887697518
914.6034482758621,8.620689655172415,26,35,1487,53248,0.088037109375,3.6394801139831543,0.2,0.014880233,0.0003,0.8966076076030731,250,-0.0038974556984612716,2.4440459496807305,-0.5770835977979004
917.45,8.333333333333334,27,37,1488,55296,0.084716796875,0.04471087455749512,0.2,0.034230884,0.0003,0.915653720498085,260,-0.008512170106405393,1.6448790750117042,-0.6872517845593393
920.1129032258065,8.064516129032258,28,38,1489,57344,0.206298828125,0.17836233973503113,0.2,0.018179122,0.0003,0.7781842648983002,270,-0.020186228858074175,0.5004856606945396,-0.7813884358853102
922.609375,7.8125,29,39,1490,59392,0.244091796875,0.13683246076107025,0.2,0.022669148,0.0003,0.8970328792929649,280,-0.011069316865177824,0.588978091639001,-1.099584486335516
924.9545454545455,7.575757575757576,30,41,1491,61440,0.3759765625,-0.030136218294501305,0.2,0.0920642,0.0003,0.9195249229669571,290,-0.02185189533920493,0.0854570207560755,-0.7897713553160429
913.7536231884058,8.695652173913043,31,42,1491,63488,0.08125,-0.02114298939704895,0.2,0.026041936,0.0003,0.9449983797967434,300,-0.007568688396713696,0.20009180238121188,-0.31795091172680257
916.1830985915493,8.450704225352112,32,43,1491,65536,0.164794921875,-0.04164731502532959,0.2,0.08810422,0.0003,0.5936349630355835,310,-0.010685172365629114,5.947408209717833,-0.8902910964563489
918.4794520547945,8.219178082191782,33,45,1490,67584,0.133203125,0.20534059405326843,0.2,0.016213069,0.0003,0.8243637830018997,320,-0.013531389247509651,1.1231018734164535,-0.830905906483531
920.6533333333333,8.0,34,46,1490,69632,0.164306640625,0.05493970960378647,0.2,0.018306252,0.0003,0.8996872752904892,330,-0.008955062250606716,0.5422136845183558,-0.7971183901652694
922.7142857142857,7.792207792207792,35,48,1491,71680,0.242236328125,-0.06778071075677872,0.2,0.02692844,0.0003,0.9015474766492844,340,-0.05537426866212627,0.07864439624827355,-0.39969407906755805
924.6708860759494,7.594936708860759,36,49,1489,73728,0.08583984375,-0.042528167366981506,0.2,0.34442,0.0003,0.8533432185649872,350,-0.00436323688190896,0.05310626061982475,-0.18475170870660804
926.5308641975308,7.407407407407407,37,50,1489,75776,0.12109375,0.012634369544684887,0.2,0.015459309,0.0003,0.9070776775479317,360,-0.000406820815987885,0.10799201779882424,-0.630969397816807
928.3012048192771,7.228915662650603,38,52,1488,77824,0.165625,-0.002714211121201515,0.2,0.020006524,0.0003,0.8993783742189407,370,-0.009773324997513554,0.15639502724661725,-0.7216217933222652
929.9882352941177,7.0588235294117645,39,53,1488,79872,0.107080078125,-0.030330289155244827,0.2,0.092271134,0.0003,0.5319277942180634,380,-0.0073788572888588535,0.0028769924443622585,-0.27735953545197845
931.5977011494252,6.896551724137931,40,55,1488,81920,0.189208984375,-0.021359922364354134,0.2,0.042174384,0.0003,0.926418624818325,390,-0.007630126198637299,0.028930251268502617,-0.5008871083147823
933.1348314606741,6.741573033707865,41,56,1489,83968,0.09228515625,0.0023776369635015726,0.2,0.02372186,0.0003,0.8623139411211014,400,-0.0031640434463042766,0.0013835222533998604,-0.3114187020808458
934.6043956043956,6.593406593406593,42,57,1488,86016,0.167431640625,-0.02825383096933365,0.2,0.018343795,0.0003,0.9302468970417976,410,-0.01991189313994255,0.02614288462937111,-0.6619014628231525
936.6914893617021,6.382978723404255,43,59,1489,88064,0.080322265625,-0.021663956344127655,0.2,0.0076761236,0.0003,0.6283852756023407,420,-0.0025847294135019185,0.030242903782209396,-0.29472173429094256
938.0104166666666,6.25,44,60,1490,90112,0.31396484375,-0.03232964500784874,0.2,0.038870662,0.0003,0.923557311296463,430,-0.031075383559800683,0.015796783447513008,-0.6644287884235383
939.2755102040817,6.122448979591836,45,61,1490,92160,0.12626953125,-0.05696331709623337,0.2,0.06972937,0.0003,-0.06063520908355713,440,0.0019195740213035605,0.00010503073057748225,-0.2482822664314881
940.49,6.0,46,63,1490,94208,0.024951171875,-0.010483493097126484,0.2,0.0025223915,0.0003,0.9508524648845196,450,-0.013793883670587093,0.000582955272865604,-0.06945260178217723
940.49,6.0,47,64,1491,96256,0.12587890625,0.012744855135679245,0.2,0.030714562,0.0003,0.6919905245304108,460,-0.007425278802111279,0.020969096039334546,-0.8942396303638815
940.49,6.0,48,65,1490,98304,0.13818359375,-0.031004533171653748,0.2,0.014712496,0.0003,0.37167268991470337,470,-0.02488657088833861,0.00293882032754027,-0.3040401335805655
940.49,6.0,49,67,1490,100352,0.176123046875,-0.02915692888200283,0.2,0.016625207,0.0003,0.5581535398960114,480,-0.01077356095192954,0.0071245558883674676,-1.0444303177297116
950.33,5.0,50,68,1490,102400,0.30791015625,-0.05395735800266266,0.2,0.03757327,0.0003,0.9043045863509178,490,-0.04982112865254749,0.0009666873520473018,-0.58736079800874
950.33,5.0,51,70,1490,104448,0.231982421875,-0.049612611532211304,0.2,0.056128934,0.0003,0.4679194688796997,500,-0.02870199507451616,0.011911241513007553,-0.8742741523310542
950.33,5.0,52,71,1490,106496,0.251025390625,-0.05736522004008293,0.2,0.08459095,0.0003,0.7316814363002777,510,-0.02173405297799036,0.0036122719589911866,-0.9314166478812694
950.33,5.0,53,72,1490,108544,0.212646484375,-0.04915044456720352,0.2,0.044269167,0.0003,0.7860186100006104,520,-0.015318660598131828,0.003430789341291529,-0.7865874383598566
950.33,5.0,54,74,1490,110592,0.20869140625,-0.07420481741428375,0.2,0.044131793,0.0003,0.7028225064277649,530,-0.020799121324671432,0.0042136079033298305,-1.0005593433976174
950.33,5.0,55,75,1490,112640,0.284521484375,-0.01956278644502163,0.2,0.029294057,0.0003,0.7410275340080261,540,-0.01864540952083189,0.0036016854774061358,-1.1607277318835258
940.6,6.0,56,76,1490,114688,0.26337890625,-0.020547477528452873,0.2,0.026387133,0.0003,-0.060094356536865234,550,-0.017538817890454084,0.0016659820783388568,-1.2388921871781349
940.6,6.0,57,78,1490,116736,0.238232421875,3.3564186096191406,0.2,0.030692054,0.0003,0.08459240198135376,560,-0.012065829306084196,9.566936704635737,-1.0973299030214547
950.5,5.0,58,79,1490,118784,0.17666015625,-0.04831981658935547,0.2,0.041439317,0.0003,-0.8496443033218384,570,-0.007464857219019905,0.0008330801435249668,-0.7908093709498644
950.5,5.0,59,81,1490,120832,0.253564453125,-0.03610353544354439,0.2,0.026465876,0.0003,-0.5483014583587646,580,-0.019146399936289527,0.0024008383581531232,-1.2172518331557511
950.5,5.0,60,82,1490,122880,0.169873046875,-0.020290842279791832,0.2,0.014502511,0.0003,-2.611116409301758,590,-0.022055735092726535,0.02599718335332,-1.2094237975776196
950.5,5.0,61,83,1490,124928,0.164599609375,-0.03707708418369293,0.2,0.054065444,0.0003,0.8469304591417313,600,-0.010484216222539543,0.00012067049011363907,-0.6493012210354209
950.5,5.0,62,85,1490,126976,0.131494140625,-0.047623783349990845,0.2,0.008687031,0.0003,0.8754364550113678,610,-0.011200974896200932,0.0034944798651849853,-0.703980840742588
960.36,4.0,63,86,1491,129024,0.144091796875,0.004962168633937836,0.2,0.022132207,0.0003,0.9334599077701569,620,-0.0022938213049201297,0.1755767345253844,-0.8500948049128055
960.36,4.0,64,87,1490,131072,0.076708984375,0.06601135432720184,0.2,0.009622965,0.0003,0.7284247279167175,630,-0.014103847366641276,0.3487199972139933,-0.6230484222061932
960.36,4.0,65,89,1491,133120,0.123486328125,-0.0045575713738799095,0.2,0.012958411,0.0003,0.24476683139801025,640,-0.010812567691027652,0.0006778381539561451,-1.0510768227279186
960.36,4.0,66,90,1491,135168,0.147412109375,0.02776997908949852,0.2,0.023166547,0.0003,0.8980991989374161,650,-0.0073320325347594915,0.0008964990765662151,-1.069459499232471
960.36,4.0,67,91,1492,137216,0.054345703125,0.003956117667257786,0.2,0.023864606,0.0003,0.755872517824173,660,-0.0015092998597538098,0.00027070877080035414,-0.14735781168565154
970.34,3.0,68,93,1492,139264,0.148193359375,0.0034234244376420975,0.2,0.029394697,0.0003,0.8423164933919907,670,-0.009979820644366555,0.36386896249023265,-0.7534003784880042
973.48,3.0,69,94,1492,141312,0.06015625,-0.024990947917103767,0.2,0.006446922,0.0003,-1.9361119270324707,680,-0.007144263017107732,0.027780886594337063,-0.5928832860663533
973.48,3.0,70,96,1493,143360,0.16298828125,4.1635637283325195,0.2,0.018318087,0.0003,0.098682701587677,690,-0.0033822346071247012,22.022368678697966,-1.132926420494914
973.48,3.0,71,97,1492,145408,0.16787109375,-0.03901739791035652,0.2,0.027788948,0.0003,-0.007609367370605469,700,-0.023023456663941032,0.0026537961050053125,-0.6517578332684935
973.48,3.0,72,98,1492,147456,0.15107421875,-0.03510066494345665,0.2,0.013359332,0.0003,0.7611250728368759,710,-0.018965575116453692,0.0019777475578393934,-0.6375845069997013
973.48,3.0,73,100,1492,149504,0.1447265625,0.33341455459594727,0.2,0.022334488,0.0003,0.09990048408508301,720,-0.01441643620200921,1.9228189576417207,-0.6486287651583552
973.48,3.0,74,101,1492,151552,0.13740234375,0.2057514190673828,0.2,0.03887108,0.0003,0.7404079735279083,730,-0.012060943472897634,0.36387544609606265,-0.6177384328097105
964.02,4.0,75,102,1492,153600,0.187744140625,-0.007203396409749985,0.2,0.018204499,0.0003,0.7173059284687042,740,-0.023884964021272027,0.11930655121686869,-1.0986571291461587
964.02,4.0,76,104,1492,155648,0.07080078125,-0.018655095249414444,0.2,0.0051293154,0.0003,0.3477655053138733,750,0.0001402516383677721,10.417753881522367,-0.6948027281090617
964.02,4.0,77,105,1491,157696,0.06494140625,0.2898175120353699,0.2,0.003896709,0.0003,0.5264178812503815,760,-0.007116960002167616,4.322404034150532,-0.4767168150283396
964.02,4.0,78,107,1492,159744,0.0015625,0.0160117968916893,0.2,0.0024794152,0.0003,0.919443778693676,770,8.610558579675853e-05,0.05154839490451195,-0.0016878898755749105
974.0,3.0,79,108,1492,161792,0.116357421875,-0.019307930022478104,0.2,0.009361882,0.0003,0.6730045080184937,780,-0.003921232133870944,0.01933472591190366,-0.536899884045124
974.0,3.0,80,109,1492,163840,0.103369140625,0.30284690856933594,0.2,0.020764295,0.0003,0.5055932998657227,790,-0.007982482301304116,1.3286651332397015,-0.560400435514748
974.0,3.0,81,111,1492,165888,0.110595703125,0.17484726011753082,0.2,0.023210593,0.0003,0.6036596298217773,800,-0.011827926483238115,1.0552302236668765,-0.7404027873650193
974.0,3.0,82,112,1492,167936,0.197509765625,0.01444997452199459,0.2,0.02922545,0.0003,0.8302248269319534,810,-0.01457506545993965,0.25669355916325004,-1.108485448732972
974.0,3.0,83,113,1492,169984,0.083837890625,0.9829808473587036,0.2,0.011278614,0.0003,0.4079188108444214,820,-0.02004649119626265,2.2541214595083146,-0.8728025812655688
974.0,3.0,84,115,1492,172032,0.009326171875,0.026731310412287712,0.2,0.012642857,0.0003,0.9257161989808083,830,-0.0006087008587201126,0.0163478636958871,-0.01829340374079038
974.0,3.0,85,116,1492,174080,0.0890625,-0.057994335889816284,0.2,0.5074001,0.0003,0.9490051753818989,840,-0.01682805256859865,0.001925501782596939,-0.029683268335247703
974.0,3.0,86,118,1492,176128,0.19169921875,-0.0474323146045208,0.2,0.0374144,0.0003,0.8937570676207542,850,-0.046684604248730464,0.0034798118082562724,-0.4724374134093523
974.0,3.0,87,119,1492,178176,0.044677734375,-0.008847268298268318,0.2,0.01001178,0.0003,0.9591916128993034,860,-0.0013382507080677898,0.0002714746190292772,-0.15200925365788862
974.0,3.0,88,120,1492,180224,0.172412109375,0.12181037664413452,0.2,0.036172595,0.0003,0.054428279399871826,870,-0.00813311894016806,0.09992607461172157,-0.6022660706192255
974.0,3.0,89,122,1493,182272,0.228125,0.0040831491351127625,0.2,0.064233415,0.0003,0.6514179110527039,880,-0.021673674226622097,0.13501345737022347,-0.654691730812192
974.0,3.0,90,123,1493,184320,0.30908203125,-0.0331677608191967,0.2,0.031565256,0.0003,-0.3266479969024658,890,-0.03481902080529835,0.11819742618827149,-1.180780364573002
974.0,3.0,91,124,1493,186368,0.16923828125,-0.01195468194782734,0.2,0.06580046,0.0003,0.6715311110019684,900,-0.01155591027927585,0.01692861135234125,-0.9469295553863049
974.0,3.0,92,126,1493,188416,0.184375,-0.040735308080911636,0.2,0.021793593,0.0003,0.5563101768493652,910,-0.025967024452984332,0.0007619958914574454,-0.42404955299571157
964.01,4.0,93,127,1494,190464,0.27412109375,0.0002366011030972004,0.2,0.02457003,0.0003,0.9387052282691002,920,-0.015454561499063857,0.0016606326964392793,-0.8257146658375859
964.01,4.0,94,128,1494,192512,0.42607421875,-0.05596824735403061,0.2,0.041378655,0.0003,0.22981172800064087,930,-0.06196846131351776,2.3156655143314766,-0.4209918439206376
964.01,4.0,95,130,1494,194560,0.41005859375,-0.04872339591383934,0.2,0.03589732,0.0003,-3.0766844749450684,940,-0.015926159043738154,0.0045985019776708215,-0.6885588654316962
949.87,6.0,96,131,1493,196608,0.1953125,0.1190003901720047,0.2,0.021653617,0.0003,0.17314940690994263,950,-0.021843822207301855,0.26319145353045315,-1.1575318090617657
945.75,7.0,97,132,1493,198656,0.058935546875,4.693333625793457,0.2,0.050373457,0.0003,0.22867006063461304,960,-0.010732026648474858,14.944868970732205,-0.35433280034922066
945.75,7.0,98,134,1493,200704,0.024462890625,4.761940002441406,0.2,0.003661437,0.0003,0.889550231397152,970,-0.007785232279275078,16.314589009573684,-0.8079943807795644
929.89,9.0,99,135,1493,202752,0.17880859375,4.887342929840088,0.2,0.023772739,0.0003,-1.0359840393066406,980,-0.017184918018756434,8.770311982929707,-1.1747922118753196
914.88,11.0,100,137,1493,204800,0.057080078125,10.822759628295898,0.2,0.05937738,0.0003,0.7813359200954437,990,-0.004014585970435291,9.538866055663675,-0.8882498569786549
914.88,11.0,101,138,1493,206848,0.020654296875,9.882386207580566,0.2,0.0052449317,0.0003,0.7898179739713669,1000,-0.009411745355464518,35.58684082813561,-1.0545199552550912
914.88,11.0,102,139,1493,208896,0.23720703125,0.6411675214767456,0.2,0.024910504,0.0003,0.7351657748222351,1010,-0.011636365632875822,1.2821803000755607,-0.9467173466458917
914.88,11.0,103,141,1493,210944,0.162890625,0.344657838344574,0.2,0.014527939,0.0003,0.7232648730278015,1020,-0.008849590804311446,2.0426712122745814,-0.8362268298864365
914.88,11.0,104,142,1493,212992,0.36787109375,0.0046142153441905975,0.2,0.055475198,0.0003,0.20464617013931274,1030,-0.010164568312757184,0.08132790688723616,-0.8218957971781492
914.88,11.0,105,143,1493,215040,0.18671875,0.026055535301566124,0.2,0.015953584,0.0003,0.2867617607116699,1040,-0.004837763187242672,0.047089018301630856,-0.856085104495287
905.11,12.0,106,145,1493,217088,0.162353515625,0.10990573465824127,0.2,0.022429489,0.0003,0.8175851553678513,1050,-0.011012480832869187,0.5871432993095368,-1.1316618256270885
896.09,13.0,107,146,1493,219136,0.1583984375,0.06872402876615524,0.2,0.012905745,0.0003,0.7916178107261658,1060,-0.007993348230957053,1.309715074286214,-0.8749235549941659
888.5,14.0,108,148,1493,221184,0.044091796875,0.12245087325572968,0.2,0.0051399413,0.0003,0.8754628673195839,1070,-0.006759029740351252,3.9997093147598206,-0.9072859711945057
870.94,16.0,109,149,1493,223232,0.079345703125,1.8563026189804077,0.2,0.0093289325,0.0003,0.8971121162176132,1080,-0.014040542067959905,3.9408383816480637,-1.040284899994731
858.62,17.0,110,150,1494,225280,0.038818359375,6.855373859405518,0.2,0.0068998164,0.0003,0.9727727696299553,1090,-0.014633574378967751,7.365953773306683,-0.5807833017781376
848.7,18.0,111,152,1494,227328,0.127587890625,1.3636420965194702,0.2,0.018851293,0.0003,0.9040535241365433,1100,-0.01421501245786203,2.256587863434106,-1.0687606744468212
819.93,21.0,112,153,1494,229376,0.23720703125,0.37729454040527344,0.2,0.017665958,0.0003,0.9706793185323477,1110,-0.00976428235298954,1.0011792784323916,-0.8633058631792665
810.48,22.0,113,154,1494,231424,0.122705078125,0.6592855453491211,0.2,0.0138153145,0.0003,0.9841670878231525,1120,-0.009547792928060517,1.7700656093657017,-1.0552287761121988
801.23,23.0,114,156,1494,233472,0.111767578125,0.21948668360710144,0.2,0.014748372,0.0003,0.9407639652490616,1130,-0.009224666908266954,1.1033490292495116,-0.9227476796135307
801.23,23.0,115,157,1494,235520,0.084130859375,0.35474443435668945,0.2,0.0071233623,0.0003,0.9823669344186783,1140,-0.004691500394255854,0.992563271720428,-0.7809615027159452
791.58,24.0,116,158,1494,237568,0.24462890625,0.8129177689552307,0.2,0.03129925,0.0003,-0.7021661996841431,1150,-0.028630515414988622,1.1299131245003082,-1.217131171375513
791.58,24.0,117,160,1494,239616,0.193994140625,0.4694676399230957,0.2,0.016152173,0.0003,0.9782468248158693,1160,-0.01561856534681283,0.6488210607669316,-1.1083246808499099
791.58,24.0,118,161,1494,241664,0.2609375,-0.049008939415216446,0.2,0.061070956,0.0003,0.8049611896276474,1170,-0.008013083499099594,0.022283149718714413,-0.867330477014184
782.45,25.0,119,163,1494,243712,0.23203125,1.9873863458633423,0.2,0.021373928,0.0003,0.7384361028671265,1180,-0.013249645012547263,2.9139431215822698,-1.2149029411375523
782.45,25.0,120,164,1494,245760,0.093994140625,0.01527936477214098,0.2,0.012478571,0.0003,0.9453633949160576,1190,-0.006376109263510443,1.639699208874663,-0.928450383245945
782.45,25.0,121,165,1494,247808,0.310791015625,0.4625738263130188,0.2,0.07482727,0.0003,-4.211708068847656,1200,-0.023329622510937044,1.317353191971779,-1.2047397710382939
772.97,26.0,122,167,1494,249856,0.27021484375,0.10335282981395721,0.2,0.08659361,0.0003,0.783874899148941,1210,-0.020733127938001417,0.12407245591748506,-0.5027527836151421
763.13,27.0,123,168,1494,251904,0.091357421875,0.31898632645606995,0.2,0.022348888,0.0003,0.9774193689227104,1220,-0.006030654234928079,0.6296535330591724,-0.8002584587782622
753.23,28.0,124,169,1493,253952,0.27275390625,0.556749701499939,0.2,0.03354787,0.0003,0.9677075184881687,1230,-0.010446827448322437,1.0667626423179173,-0.9187175957486033
753.23,28.0,125,171,1493,256000,0.2283203125,0.030572064220905304,0.2,0.03880098,0.0003,0.9587653465569019,1240,-0.02117438070708886,0.6871443890035153,-0.8876993075013161
753.23,28.0,126,172,1493,258048,0.1380859375,-0.03989240154623985,0.2,0.016589386,0.0003,0.9468305334448814,1250,-0.009744299662997946,0.008865346514357952,-0.6539040287956596
753.23,28.0,127,174,1493,260096,0.15810546875,0.2462713122367859,0.2,0.021183355,0.0003,0.715343713760376,1260,-0.010534119440126232,0.38809514088789,-1.1853976007550955
745.03,29.0,128,175,1493,262144,0.10078125,0.178756982088089,0.2,0.017582338,0.0003,0.9191536605358124,1270,-0.0036389172018971294,0.15926786753116176,-0.6144171888008714
755.02,28.0,129,176,1493,264192,0.07177734375,0.8056042790412903,0.2,0.011695135,0.0003,0.9598858952522278,1280,-0.008358373859664425,3.770460354414536,-0.9518639825284481
747.88,29.0,130,178,1493,266240,0.477001953125,-0.07167423516511917,0.2,0.07428906,0.0003,0.6891694962978363,1290,-0.03499926634831354,0.013201515785840456,-0.586119313724339
747.88,29.0,131,179,1492,268288,0.07783203125,0.944773256778717,0.2,0.0064816214,0.0003,0.6144688725471497,1300,-0.008613246108870954,21.72398281171918,-1.009044199064374
756.42,28.0,132,181,1492,270336,0.20615234375,0.028091497719287872,0.2,0.06371906,0.0003,0.8637513816356659,1310,-0.011224792952998542,0.11510541360912611,-1.0172201555222273
759.89,28.0,133,182,1492,272384,0.056689453125,-0.027063142508268356,0.2,0.12426619,0.0003,0.3320983648300171,1320,-0.005464130813197699,0.0005800447449416879,-0.15563426103326491
759.89,28.0,134,183,1492,274432,0.09833984375,2.015381097793579,0.2,0.010858366,0.0003,0.9578822329640388,1330,-0.012906452949391679,6.3348467770963905,-1.0288302591070533
754.17,28.0,135,185,1492,276480,0.213525390625,-0.01739330403506756,0.2,0.03025925,0.0003,0.8129952698945999,1340,-0.018549979725503363,0.04786893757554935,-0.9176718218252062
760.42,27.0,136,186,1492,278528,0.13916015625,0.015202253125607967,0.2,0.040270872,0.0003,0.9881553752347827,1350,-0.006498991654370912,0.11230922451650258,-0.5624226127751172
765.02,27.0,137,188,1492,280576,0.15732421875,0.07142408937215805,0.2,0.017663365,0.0003,0.9433119744062424,1360,-0.013973690733837429,7.800427096802741,-0.9342331452295184
770.36,26.0,138,189,1491,282624,0.09814453125,0.03401908650994301,0.2,0.03702657,0.0003,0.985067818313837,1370,-0.00499234925955534,0.058987503427124464,-0.2742780116153881
750.25,29.0,139,190,1491,284672,0.1716796875,0.1381566822528839,0.2,0.027542915,0.0003,0.9743859078735113,1380,-0.014642802425078117,1.4192800307908329,-0.9604559643194079
732.21,31.0,140,192,1491,286720,0.055859375,29.000810623168945,0.2,0.0064951917,0.0003,0.9310763403773308,1390,-0.011522243186482229,28.330032122507692,-0.866600981913507
725.18,32.0,141,193,1491,288768,0.080224609375,0.1305459439754486,0.2,0.010329293,0.0003,0.9359858483076096,1400,-0.016575629332510288,6.344062273949385,-1.1787826299667359
725.5,32.0,142,194,1492,290816,0.114990234375,6.390780448913574,0.2,0.012678191,0.0003,0.9372346624732018,1410,-0.012007082319178153,10.470180697040632,-0.7129499426111578
724.14,32.0,143,196,1492,292864,0.180712890625,4.347879886627197,0.2,0.031867485,0.0003,0.9468697868287563,1420,-0.014989596782834269,6.740001450665295,-1.1556452557444572
722.91,32.0,144,197,1491,294912,0.078759765625,0.3231559097766876,0.2,0.021388583,0.0003,0.8711052685976028,1430,-0.01023596123268362,2.51988670588471,-1.2910780902951955
732.07,31.0,145,199,1491,296960,0.1869140625,0.48145025968551636,0.2,0.025415648,0.0003,0.9558452107012272,1440,-0.013911211883532814,0.9866427903994918,-1.197057881951332
741.38,30.0,146,200,1492,299008,0.2806640625,0.04581782594323158,0.2,0.09493716,0.0003,0.6209395527839661,1450,-0.023020217468729242,0.10647358925198205,-0.697457293793559
741.75,30.0,147,201,1492,301056,0.250830078125,-0.008080031722784042,0.2,0.026152447,0.0003,0.9127146750688553,1460,-0.011987564025912435,0.05288709183223546,-0.7678928377106786
751.67,29.0,148,203,1492,303104,0.169970703125,0.1231159046292305,0.2,0.02145109,0.0003,0.993293340317905,1470,-0.012118785388884135,0.837685014231829,-1.2382039286196231
760.62,28.0,149,204,1492,305152,0.061865234375,1.0946089029312134,0.2,0.011353793,0.0003,0.7350082397460938,1480,-0.008519358387275133,8.292905835341662,-0.6442648619413376
764.97,28.0,150,205,1492,307200,0.185205078125,0.28327101469039917,0.2,0.038032085,0.0003,0.9334475174546242,1490,-0.018601866738754323,0.307042669695511,-0.5228583475574851
774.42,27.0,151,207,1492,309248,0.05810546875,0.2925533950328827,0.2,0.0061113294,0.0003,0.9426590390503407,1500,-0.006849768594838679,3.599505922826938,-0.5150297988206148
783.47,26.0,152,208,1491,311296,0.253955078125,0.15240854024887085,0.2,0.025748052,0.0003,0.5622921884059906,1510,-0.030947747186291962,0.4440984545042738,-1.179774446412921
777.7,27.0,153,210,1491,313344,0.133349609375,0.3675174117088318,0.2,0.018286869,0.0003,0.9599758163094521,1520,-0.014670494606252759,0.8982215096475556,-1.1904935002326966
787.35,26.0,154,211,1491,315392,0.218505859375,0.057517725974321365,0.2,0.02787396,0.0003,0.9441981911659241,1530,-0.006848651089239865,0.699081168846169,-1.061201453395188
777.7,27.0,155,212,1491,317440,0.236328125,-0.006795243360102177,0.2,0.033387233,0.0003,0.7189765870571136,1540,-0.014012922550318763,0.11060580140620005,-1.0535765003412962
777.7,27.0,156,214,1491,319488,0.163916015625,0.10550514608621597,0.2,0.048398063,0.0003,0.9743124209344387,1550,-0.012945895516895688,0.27243036538638987,-0.7904920605942607
769.64,28.0,157,215,1491,321536,0.086962890625,0.1555640697479248,0.2,0.009179831,0.0003,0.9305444955825806,1560,-0.005386563384672627,8.90671787142055,-0.4088358127512038
748.5,31.0,158,217,1490,323584,0.061669921875,0.3533346652984619,0.2,0.011369344,0.0003,0.9744804054498672,1570,-0.012743518251227215,2.401079653389752,-0.6908490305766464
750.24,31.0,159,218,1490,325632,0.0802734375,2.345562696456909,0.2,0.009765679,0.0003,0.9635025337338448,1580,-0.01135122099367436,2.9130224300315604,-0.758544833958149
751.9,31.0,160,219,1490,327680,0.063916015625,0.8983216285705566,0.2,0.013655139,0.0003,0.9603044502437115,1590,-0.007856196342618204,3.4436837217886933,-1.1145928718149662
733.89,33.0,161,221,1490,329728,0.2470703125,0.24584579467773438,0.2,0.059388794,0.0003,0.9719059728085995,1600,-0.027883631965960377,3.296011685067788,-0.8996793298050761
704.33,36.0,162,222,1490,331776,0.03271484375,4.369872570037842,0.2,0.006643398,0.0003,0.9796339832246304,1610,-0.007586085115326569,4.025392403360456,-0.8272057665511966
680.69,38.0,163,223,1491,333824,0.126953125,0.29634353518486023,0.2,0.049345657,0.0003,0.9877366060391068,1620,-0.0060574883915251124,0.37096037841401996,-0.5708484541624784
637.02,42.0,164,225,1490,335872,0.187841796875,0.017104052007198334,0.2,0.021800399,0.0003,0.9992346505168825,1630,-0.006749283737735823,0.10336875262728426,-0.859699752368033
618.6,44.0,165,226,1490,337920,0.041015625,2.9750428199768066,0.2,0.003255614,0.0003,0.9867129605263472,1640,-0.008025152955087832,4.816588209802285,-0.6392302447929978
604.06,45.0,166,228,1490,339968,0.187841796875,0.010191913694143295,0.2,0.023355037,0.0003,0.9820132832974195,1650,-0.013122339569963514,1.0164599578245543,-1.1357761066406966
594.97,46.0,167,229,1489,342016,0.07998046875,0.034961484372615814,0.2,0.020967104,0.0003,0.9898166740313172,1660,-0.012273288110736757,0.38840561523102224,-0.4133921878412366
597.24,45.0,168,230,1490,344064,0.09765625,0.135865718126297,0.2,0.013300929,0.0003,0.9671451896429062,1670,-0.011896382938721218,0.6496317092969548,-0.564261284749955
596.14,45.0,169,232,1489,346112,0.330859375,0.5463050603866577,0.2,0.08871637,0.0003,0.9884228678420186,1680,-0.020847556652734058,0.9488806404173374,-0.7656377339735627
595.01,45.0,170,233,1490,348160,0.22802734375,0.005663834512233734,0.2,0.038608216,0.0003,0.9957050820812583,1690,-0.010057093940849882,0.3006817259185482,-1.068737886659801
602.04,44.0,171,234,1490,350208,0.1546875,0.12473910301923752,0.2,0.02746382,0.0003,0.9974486767314374,1700,-0.006538463040487841,0.28829906074679457,-0.4741778053343296
601.89,44.0,172,236,1490,352256,0.187255859375,-0.006409808993339539,0.2,0.055983678,0.0003,0.4596089720726013,1710,-0.009355020498333033,0.16533115673810245,-0.5036872101016343
591.07,45.0,173,237,1490,354304,0.195947265625,0.327175498008728,0.2,0.030867878,0.0003,0.9911825833842158,1720,-0.01614990040252451,0.7659420830314048,-0.9303804246708751
581.32,46.0,174,239,1490,356352,0.2927734375,0.09574984014034271,0.2,0.026447764,0.0003,0.9981571491807699,1730,-0.006371554880752228,0.11521833221777342,-1.144219721853733
581.32,46.0,175,240,1490,358400,0.174267578125,0.028024520725011826,0.2,0.01451306,0.0003,0.9900440499186516,1740,-0.00417519748734776,0.27642117010109357,-1.137188732624054
561.82,48.0,176,241,1490,360448,0.273583984375,0.002575356513261795,0.2,0.02477869,0.0003,0.45020294189453125,1750,-0.007796843544929289,0.09060881705954671,-1.0465280981734395
548.04,49.0,177,243,1490,362496,0.19033203125,-0.009189106523990631,0.2,0.020245738,0.0003,0.9962814799509943,1760,-0.0033508168038679288,0.18956308256310878,-0.8033705033361912
524.79,51.0,178,244,1490,364544,0.1689453125,0.02965407818555832,0.2,0.013134049,0.0003,0.9981277078622952,1770,-0.005754428060026839,0.12806008400657448,-1.032883566431701
517.65,52.0,179,245,1490,366592,0.031201171875,0.05530192703008652,0.2,0.0029337252,0.0003,0.9365649223327637,1780,-0.001525572460377589,18.693359002191574,-0.692325585335493
488.67,55.0,180,247,1490,368640,0.1474609375,1.6793720722198486,0.2,0.06901194,0.0003,0.9505278617143631,1790,-0.014815734303556382,8.989490916579962,-1.0653802456334234
497.06,54.0,181,248,1490,370688,0.140478515625,0.2532631754875183,0.2,0.024642933,0.0003,0.9963579860050231,1800,-0.016008530170074663,0.5762614519218914,-0.9487303748726845
489.58,54.0,182,250,1490,372736,0.3193359375,-0.025688432157039642,0.2,0.058207754,0.0003,0.8202975243330002,1810,-0.018607523769605904,0.04286091067624511,-0.9182976646348834
477.61,55.0,183,251,1490,374784,0.072314453125,0.36259785294532776,0.2,0.010038927,0.0003,0.9841012954711914,1820,-0.0004498481925111264,5.631999141862616,-0.8989585366100072
477.23,55.0,184,252,1490,376832,0.07890625,2.3214943408966064,0.2,0.010828882,0.0003,0.9705345369875431,1830,-0.00912279007025063,3.375352115149144,-0.9247742569074034
457.94,57.0,185,254,1490,378880,0.202880859375,0.9737598896026611,0.2,0.01978491,0.0003,0.9696081299334764,1840,-0.007707127355388366,1.3094777546590195,-0.9408574219793081
483.13,55.0,186,255,1490,380928,0.18349609375,0.03040759265422821,0.2,0.03950879,0.0003,0.9995031779399142,1850,-0.012232498289085925,0.08987510087317788,-0.9443871591240167
492.95,54.0,187,257,1489,382976,0.299462890625,0.10817301273345947,0.2,0.10920857,0.0003,0.9622076638042927,1860,-0.009662579811993055,2.07466348955204,-0.734129917062819
500.17,53.0,188,258,1490,385024,0.257421875,-0.04735955595970154,0.2,0.041501455,0.0003,-1.8891189098358154,1870,-0.03969134828657843,0.03025750187371159,-0.959017556346953
500.78,53.0,189,259,1490,387072,0.110546875,0.0029801204800605774,0.2,0.018036552,0.0003,0.9897775799036026,1880,-0.00034818630083464084,0.24465269231586717,-0.7971620723605156
510.54,52.0,190,261,1490,389120,0.209716796875,1.4531829357147217,0.2,0.033123814,0.0003,0.960371557623148,1890,-0.029615005216328427,2.078232499584556,-0.986598159186542
505.14,53.0,191,262,1490,391168,0.24736328125,0.017504718154668808,0.2,0.02971439,0.0003,-0.2293694019317627,1900,-0.010784478994901292,0.12321814233109762,-0.6319923082366585
477.29,56.0,192,263,1490,393216,0.03095703125,1.6718090772628784,0.2,0.004427379,0.0003,0.9850439168512821,1910,-0.006762209563748911,3.6320028356742116,-0.6178675036877394
476.79,56.0,193,265,1490,395264,0.050830078125,0.5464253425598145,0.2,0.005602322,0.0003,0.9908874472603202,1920,-0.011526802394655533,2.442381533794105,-0.8950028594583272
486.4,55.0,194,266,1489,397312,0.275,-0.006232552230358124,0.2,0.05822496,0.0003,0.994554775301367,1930,-0.008744868755456991,0.4347897764266236,-1.1066667879000307
478.2,56.0,195,268,1489,399360,0.247509765625,0.04550294578075409,0.2,0.04084026,0.0003,0.9010467603802681,1940,-0.006145649033715017,0.14066476179286838,-1.062454475648701
452.41,59.0,196,269,1489,401408,0.068505859375,8.387435913085938,0.2,0.006422496,0.0003,0.9708072002977133,1950,-0.00943767880089581,8.997933586314321,-0.8730992184951901
435.62,61.0,197,270,1489,403456,0.02021484375,3.5998897552490234,0.2,0.0041273674,0.0003,0.983634889125824,1960,-0.00664769803697709,6.6607508711284025,-0.6985858641564846
435.39,61.0,198,272,1489,405504,0.0298828125,4.968313694000244,0.2,0.0044468883,0.0003,0.9790681321173906,1970,-0.0026507751230383293,3.696284737577662,-0.47144718412309883
444.95,60.0,199,273,1489,407552,0.098046875,1.9246482849121094,0.2,0.01568921,0.0003,0.8970947861671448,1980,-0.01195893321710173,5.012676876038313,-0.9415242824703455
444.43,60.0,200,274,1489,409600,0.2013671875,0.23724615573883057,0.2,0.021631297,0.0003,0.9421979673206806,1990,-0.01494625632185489,1.1958417044952512,-1.1311277490109206
451.75,59.0,201,276,1489,411648,0.189697265625,0.20502087473869324,0.2,0.021581795,0.0003,0.985861174762249,2000,-0.006790877421735786,0.4934808181831613,-0.9346247605979443
422.86,62.0,202,277,1489,413696,0.302001953125,0.0441809743642807,0.2,0.054230187,0.0003,0.15378183126449585,2010,-0.02390858392463997,0.46794871432939544,-0.7659044049680233
412.87,63.0,203,279,1489,415744,0.0556640625,2.620157480239868,0.2,0.008663952,0.0003,0.9906288413330913,2020,-0.019079475873149933,3.2651837420649827,-0.9374100398272276
403.22,64.0,204,280,1489,417792,0.118408203125,-0.0067524295300245285,0.2,0.01622161,0.0003,0.9942789971828461,2030,-0.004604031716007739,0.28907558211067225,-0.9603675048798322
413.2,63.0,205,281,1489,419840,0.16494140625,0.820534348487854,0.2,0.024329208,0.0003,0.9910091822966933,2040,-0.014202145751914941,1.6744960071519017,-0.6781025933101773
432.51,61.0,206,283,1489,421888,0.13603515625,0.6588895916938782,0.2,0.026724227,0.0003,0.9870985792949796,2050,-0.015346799319377168,2.55783180387225,-0.5889175232499838
426.87,61.0,207,284,1489,423936,0.194287109375,0.023925622925162315,0.2,0.024498671,0.0003,0.9130159988999367,2060,-0.0003139229942462407,2.331694562151097,-0.8330288920551538
406.99,63.0,208,285,1489,425984,0.1453125,-0.034911952912807465,0.2,0.036343668,0.0003,0.9977366086095572,2070,-0.011527151253540069,0.0514513582962536,-0.967486891709268
387.57,65.0,209,287,1489,428032,0.206591796875,0.021612785756587982,0.2,0.023904217,0.0003,0.9828064851462841,2080,-0.010669554836931638,0.6714242759975605,-1.076861033588648
381.67,65.0,210,288,1489,430080,0.06318359375,0.22421373426914215,0.2,0.012539506,0.0003,0.9898791275918484,2090,-0.008024004717299249,0.9400005089410115,-0.8846763648092747
389.18,64.0,211,290,1489,432128,0.152685546875,0.058042459189891815,0.2,0.027889872,0.0003,0.9964986359700561,2100,-0.01194944002199918,0.4580253606836777,-0.9761402128264308
360.16,67.0,212,291,1489,434176,0.141455078125,-0.002329431474208832,0.2,0.014085928,0.0003,0.9991752561181784,2110,-0.010137277707690373,0.09008035400183871,-0.7354011066257954
365.42,66.0,213,292,1489,436224,0.304052734375,0.004720821976661682,0.2,0.041746877,0.0003,0.9978427533060312,2120,-0.034882438002387064,0.21830481646466068,-0.8229308791458607
373.92,65.0,214,294,1489,438272,0.171533203125,0.7445510625839233,0.2,0.014794016,0.0003,0.9883750798180699,2130,-0.007758846187061863,1.4571996496059,-1.0487798830494284
381.74,64.0,215,295,1489,440320,0.212646484375,-0.04196895658969879,0.2,0.036762364,0.0003,0.9990030901972204,2140,-0.013776085394783876,0.05786134728477919,-0.9795073768123984
400.61,62.0,216,297,1489,442368,0.08583984375,-0.016979344189167023,0.2,0.031120803,0.0003,0.9998924732208252,2150,-0.013191416749032214,0.02910298758342833,-0.67943943310529
410.01,61.0,217,298,1489,444416,0.078271484375,0.035638585686683655,0.2,0.019117832,0.0003,0.9314574375748634,2160,0.027685706692864187,11.422619635018055,-0.40155943650752307
419.5,60.0,218,299,1489,446464,0.3541015625,-0.06413407623767853,0.2,0.042255487,0.0003,0.9037294909358025,2170,-0.04093902254826389,0.004949166796336613,-0.8004527555778622
439.23,58.0,219,301,1489,448512,0.162548828125,1.1244360208511353,0.2,0.03331068,0.0003,0.9479208923876286,2180,-0.006912833725800737,2.968997987057082,-0.8310129974037409
439.23,58.0,220,302,1489,450560,0.000830078125,25.150968551635742,0.2,5.0724717e-05,0.0003,-0.0024793148040771484,2190,-7.394936546916142e-05,24.20673250425607,-0.021866737719392404
449.14,57.0,221,303,1489,452608,0.197802734375,1.4303734302520752,0.2,0.29046324,0.0003,0.9343547150492668,2200,-0.0005236216122284532,8.433059036242776,-0.737903839442879
449.12,57.0,222,305,1489,454656,0.002490234375,11.343133926391602,0.2,6.296203e-05,0.0003,-0.00850057601928711,2210,0.00013144530967110769,11.601994752977044,-0.01314565188222332
443.14,58.0,223,306,1489,456704,0.00791015625,1.3339546918869019,0.2,0.0010220655,0.0003,-0.0626751184463501,2220,-0.0024044369216426275,14.216250921902247,-0.029731169957085513
452.19,57.0,224,307,1489,458752,0.021240234375,4.5549845695495605,0.2,0.0018673105,0.0003,0.6605244576931,2230,-0.0029408376663923263,23.701265373267233,-0.09368936811806634
472.02,55.0,225,309,1489,460800,0.35068359375,0.11339882016181946,0.2,0.026345175,0.0003,-1.9402766227722168,2240,-0.020109244462219067,0.24876083838753402,-1.284616395831108
491.33,53.0,226,310,1489,462848,0.1431640625,-0.012501733377575874,0.2,0.075954124,0.0003,0.8943901807069778,2250,-0.004826567918644287,0.16348961204585066,-0.5174024568870663
510.86,51.0,227,312,1489,464896,0.1134765625,7.289282321929932,0.2,0.02232176,0.0003,0.4006359577178955,2260,0.0008848774014040828,3.9137777755269783,-0.4315658243373036
530.39,49.0,228,313,1489,466944,0.105859375,4.1824493408203125,0.2,0.0123578645,0.0003,0.17852920293807983,2270,-0.006655863611376845,2.8653171634767203,-0.5189273425377905
539.24,48.0,229,314,1489,468992,0.25849609375,0.07787290215492249,0.2,0.035322767,0.0003,0.9322966784238815,2280,-0.01215316004527267,1.0699946419656043,-0.7621831158176064
549.12,47.0,230,316,1489,471040,0.079736328125,0.8830022215843201,0.2,0.0138469,0.0003,0.9073380678892136,2290,-0.00043141649221070113,1.2648994393937756,-0.46137591060251
568.17,45.0,231,317,1489,473088,0.11953125,0.7227950096130371,0.2,0.011465015,0.0003,-1.122011423110962,2300,-0.008417634826037102,1.183305848762393,-0.6426592350006104
578.08,44.0,232,319,1489,475136,0.112158203125,0.1571410596370697,0.2,0.010183481,0.0003,0.790786400437355,2310,-0.008525123057188467,0.5451813559862785,-0.3578554962296039
595.99,42.0,233,320,1489,477184,0.14755859375,0.1510845422744751,0.2,0.019577654,0.0003,0.901650108397007,2320,-0.009647351465537213,0.5583437600231264,-0.816752789542079
605.42,41.0,234,321,1489,479232,0.240673828125,-0.010773718357086182,0.2,0.04099373,0.0003,0.9206726923584938,2330,-0.023711878535686993,0.11629155107411862,-0.8816958658397198
610.57,41.0,235,323,1489,481280,0.317822265625,0.04504206404089928,0.2,0.05729746,0.0003,0.95873062312603,2340,-0.06091354458476417,0.09560314196642139,-0.9344741260632873
610.59,41.0,236,324,1489,483328,0.163330078125,2.374807357788086,0.2,0.016974088,0.0003,0.8265302777290344,2350,-0.0010292326740454882,3.9526722311624325,-0.8447183908894658
609.68,42.0,237,325,1489,485376,0.123291015625,0.08270687609910965,0.2,0.0151829505,0.0003,0.9458199329674244,2360,-0.012977827092981897,0.6527729337278287,-0.7309298602864146
629.3,40.0,238,327,1489,487424,0.069873046875,4.389707088470459,0.2,0.06372986,0.0003,0.9621387049555779,2370,-0.028981484979158267,6.726739782467485,-0.6197746134363115
614.25,42.0,239,328,1489,489472,0.289111328125,0.028881056234240532,0.2,0.027860671,0.0003,0.8974781036376953,2380,-0.020640823466237634,0.12430933055584319,-1.1333956371992826
633.99,40.0,240,330,1488,491520,0.06806640625,1.5767676830291748,0.2,0.013587103,0.0003,0.9305723831057549,2390,-0.001796551255392842,6.216862638434395,-0.9440751578658819
646.42,39.0,241,331,1488,493568,0.124658203125,0.3810810446739197,0.2,0.05584772,0.0003,0.2167927622795105,2400,-0.007281593451625668,5.63775327031035,-0.7501501707360149
650.94,39.0,242,332,1488,495616,0.027587890625,8.97925853729248,0.2,0.003339001,0.0003,0.8183389008045197,2410,-0.005071558203781024,15.62404919117689,-0.7700188666582107
651.87,39.0,243,334,1488,497664,0.077490234375,0.43415355682373047,0.2,0.019293986,0.0003,0.9610275439918041,2420,-0.008797689182392788,3.5645180297084154,-0.6816277781501412
662.21,38.0,244,335,1488,499712,0.100927734375,0.11190646886825562,0.2,0.019871071,0.0003,0.9536096192896366,2430,-0.0015817198378499596,2.748917593609076,-0.833545727096498
668.01,38.0,245,337,1488,501760,0.218408203125,0.3388059735298157,0.2,0.030774657,0.0003,0.9926449004560709,2440,-0.009424934130220209,0.7946338918613037,-0.8585299365222454
687.26,36.0,246,338,1488,503808,0.106591796875,2.401738405227661,0.2,0.028249688,0.0003,0.9807072170078754,2450,-0.027213270575157367,8.04423701390624,-0.857031330652535
665.11,40.0,247,339,1488,505856,0.11357421875,1.4757938385009766,0.2,0.03636694,0.0003,0.9314613938331604,2460,0.0005736249964684248,1.0631264932664635,-0.7345678940415382
666.37,40.0,248,341,1488,507904,0.243798828125,5.036956787109375,0.2,0.085590705,0.0003,0.9628096483647823,2470,-0.0420936607348267,11.663056103140116,-0.6779079893603921
662.66,41.0,249,342,1488,509952,0.1576171875,1.6916669607162476,0.2,0.028952131,0.0003,0.9658228792250156,2480,-0.003527255155495368,2.8559598819854726,-1.046611250564456
657.75,42.0,250,343,1488,512000,0.103759765625,0.6491391658782959,0.2,0.010234695,0.0003,0.9718519579619169,2490,-0.019476943236077203,2.2819297904614357,-0.8917447617277503
640.37,44.0,251,345,1488,514048,0.10595703125,0.34160223603248596,0.2,0.010670185,0.0003,0.9492006078362465,2500,-0.006665799766778946,2.974390256637707,-0.5263716238550842
630.68,45.0,252,346,1488,516096,0.0888671875,2.087953567504883,0.2,0.009789107,0.0003,0.9882413167506456,2510,-0.01788973454022198,3.2265487933531403,-0.8102628732100129
610.27,47.0,253,348,1488,518144,0.107080078125,0.011679502204060555,0.2,0.015975425,0.0003,0.9947231230325997,2520,-0.0035535491624614224,0.10572031885239994,-0.5226793929934501
599.58,48.0,254,349,1488,520192,0.1392578125,2.313695192337036,0.2,0.017284356,0.0003,0.9839935675263405,2530,-0.01662624309246894,4.719979432877153,-0.5255906191654504
599.58,48.0,255,350,1488,522240,0.129931640625,0.08908601105213165,0.2,0.012922716,0.0003,0.9938583145849407,2540,-0.00815892723039724,0.2705112133815419,-0.6684181428514421
561.67,52.0,256,352,1488,524288,0.0556640625,-0.021380240097641945,0.2,0.0046746447,0.0003,0.9247630089521408,2550,0.0020391281286720186,0.09217248737404589,-0.2274489441886544
551.9,53.0,257,353,1488,526336,0.11142578125,2.76104474067688,0.2,0.036973726,0.0003,0.9615914188325405,2560,-0.008877564722206443,4.942645006603561,-0.6323745440691709
541.92,54.0,258,355,1488,528384,0.267041015625,0.0045294389128685,0.2,0.034111544,0.0003,0.9903608905151486,2570,-0.029156738024903463,0.2769942644517869,-0.5257485866546631
532.67,55.0,259,356,1488,530432,0.1716796875,-0.07485494017601013,0.2,0.06487412,0.0003,0.9895565835759044,2580,-0.035335349952219985,0.045854906662316355,-0.24085577828809618
527.27,55.0,260,357,1488,532480,0.2408203125,0.014050152152776718,0.2,0.03784644,0.0003,0.9631826654076576,2590,-0.013624098693253473,0.7947766162804328,-0.8481682907789946
532.72,55.0,261,359,1488,534528,0.125048828125,-0.03449246287345886,0.2,0.029997844,0.0003,0.9964535837061703,2600,-0.00826412547758082,0.04498412172688404,-0.9917863128706813
532.72,55.0,262,360,1488,536576,0.1814453125,0.17953085899353027,0.2,0.055355504,0.0003,0.9615362323820591,2610,-0.019326787238242105,3.2086256591952407,-0.7800786290317774
551.19,53.0,263,361,1488,538624,0.276220703125,-0.021293995901942253,0.2,0.048776716,0.0003,0.3684327006340027,2620,-0.01871311232098378,0.06321707878960296,-0.9848916294053197
553.19,52.0,264,363,1488,540672,0.10712890625,19.95249366760254,0.2,0.008569368,0.0003,0.9313850104808807,2630,0.0008756859606364742,22.265622109011748,-0.4727674713358283
553.19,52.0,265,364,1488,542720,0.202197265625,24.43349838256836,0.2,0.026448872,0.0003,0.28186553716659546,2640,-0.017615295117138885,29.60224769115448,-1.0788781590759755
563.09,51.0,266,366,1488,544768,0.138916015625,12.528546333312988,0.2,0.012576655,0.0003,0.8443743586540222,2650,-0.006558422950911335,23.484825690090656,-0.9952335121110082
577.74,49.0,267,367,1488,546816,0.128369140625,3.0149683952331543,0.2,0.018370088,0.0003,0.9267159774899483,2660,-0.006481072898895946,2.4006775395246223,-1.1270460095256567
587.65,48.0,268,368,1487,548864,0.2546875,8.289031028747559,0.2,0.038504977,0.0003,0.8724590241909027,2670,0.006241463322658092,10.121518066711724,-0.8256607618182897
579.16,49.0,269,370,1487,550912,0.13076171875,3.1268470287323,0.2,0.019312242,0.0003,0.9218794405460358,2680,-0.009737659388338215,4.006539176101796,-0.6553269402123988
559.01,51.0,270,371,1487,552960,0.037548828125,9.932340621948242,0.2,0.0024295254,0.0003,0.668730616569519,2690,-0.0053294820478186015,39.136050805170086,-0.6556663942523301
542.85,53.0,271,373,1487,555008,0.046728515625,22.279447555541992,0.2,0.0064576804,0.0003,0.8408323675394058,2700,-0.01259309288143413,33.629532414674756,-1.0610240001231432
482.11,58.0,272,374,1487,557056,0.093603515625,4.127839088439941,0.2,0.013086362,0.0003,0.9497255049645901,2710,-0.008466199977556243,10.978579451702535,-1.0053586512804031
455.24,60.0,273,375,1487,559104,0.13291015625,6.1713361740112305,0.2,0.013664098,0.0003,0.8994540199637413,2720,-0.016551439903560096,16.197881639003754,-0.974748345836997
437.14,62.0,274,377,1487,561152,0.090673828125,0.6882991790771484,0.2,0.009385918,0.0003,0.9756732229143381,2730,-0.014100798484287224,4.574448143690825,-0.554033316206187
449.53,61.0,275,378,1488,563200,0.186767578125,1.3243943452835083,0.2,0.02764895,0.0003,0.9439698979258537,2740,-0.014043229204253294,5.94757094308734,-1.186125959455967
419.74,65.0,276,379,1488,565248,0.10048828125,0.45363372564315796,0.2,0.012154307,0.0003,0.9925900641828775,2750,-0.007305529527366161,1.1404025983414612,-0.6168398567475378
430.27,64.0,277,381,1488,567296,0.15205078125,3.207798480987549,0.2,0.019181026,0.0003,0.9820131454616785,2760,-0.036485682328930125,9.18684646859765,-0.6279628134332598
365.58,71.0,278,382,1488,569344,0.10830078125,0.24633952975273132,0.2,0.016526654,0.0003,0.9849475165829062,2770,-0.003612462489400059,1.498172715702094,-0.793082413263619
322.21,75.0,279,383,1488,571392,0.098681640625,1.5141226053237915,0.2,0.011357229,0.0003,0.9882052624598145,2780,-0.017045678129943554,3.5731061473023145,-0.8735868303105235
286.11,79.0,280,385,1488,573440,0.14384765625,0.22725623846054077,0.2,0.019716311,0.0003,0.9852884970605373,2790,-0.006642234142054804,1.9622410831041635,-0.8127064488828182
252.53,82.0,281,386,1488,575488,0.08388671875,0.2902177572250366,0.2,0.015924534,0.0003,0.9822415821254253,2800,-0.007143567909952253,3.539757600752637,-0.966747272759676
250.99,82.0,282,388,1488,577536,0.196875,0.06812816858291626,0.2,0.03335307,0.0003,0.9970651108305901,2810,-0.009945345277083106,0.3495380998851033,-0.9651909919455648
247.47,82.0,283,389,1488,579584,0.12646484375,0.17272059619426727,0.2,0.015317402,0.0003,0.9951359489932656,2820,-0.005855386954499409,0.692192454211181,-1.000092463940382
255.4,81.0,284,390,1488,581632,0.049072265625,0.5729286074638367,0.2,0.017289087,0.0003,0.9925712011754513,2830,-0.0036553515325067564,5.060657237283886,-0.8736876366659999
271.29,79.0,285,392,1488,583680,0.17236328125,0.2052946537733078,0.2,0.016724335,0.0003,0.9974525044672191,2840,-0.002578128079767339,0.3955400925129652,-0.6306569030508399
280.28,78.0,286,393,1488,585728,0.111572265625,1.388098955154419,0.2,0.014997017,0.0003,0.9788228645920753,2850,-0.014521828593569808,2.992089178785682,-0.849692659266293
279.34,78.0,287,394,1488,587776,0.119677734375,1.2975283861160278,0.2,0.016726758,0.0003,0.980962248519063,2860,-0.02906595412059687,4.653551005199551,-0.8219267589971423
289.14,77.0,288,396,1488,589824,0.1197265625,0.4207490384578705,0.2,0.019939391,0.0003,0.9865017952397466,2870,-0.013720306073082611,2.741075842734426,-0.8546237727627158
292.07,76.0,289,397,1488,591872,0.2701171875,-0.03717018663883209,0.2,0.03427658,0.0003,0.960045401006937,2880,-0.006357654370367527,0.35013020765145486,-0.3524601520621218
299.9,75.0,290,399,1488,593920,0.147021484375,0.029950954020023346,0.2,0.05455353,0.0003,0.9965674132108688,2890,-0.01015226443123538,0.20351906972646247,-0.7854852577671408
299.89,75.0,291,400,1488,595968,0.076708984375,0.5323848724365234,0.2,0.031178944,0.0003,0.9864615965634584,2900,0.00428627383953426,1.3535588981525506,-0.8154478270560503
309.08,74.0,292,401,1488,598016,0.1263671875,3.495208978652954,0.2,0.02026833,0.0003,0.9719593152403831,2910,-0.017308868418331257,6.927063251845539,-0.7559510767459869
319.52,73.0,293,403,1488,600064,0.06708984375,0.7166415452957153,0.2,0.010487648,0.0003,0.9847943335771561,2920,-0.007043903632438742,5.082640623208135,-0.8012593837454915
313.85,74.0,294,404,1488,602112,0.09150390625,0.0955001562833786,0.2,0.018938543,0.0003,0.9788008630275726,2930,-0.002489088848233223,3.8616360941610766,-0.8253664579242468
313.44,74.0,295,406,1487,604160,0.097021484375,5.01632022857666,0.2,0.010859507,0.0003,0.9655448161065578,2940,-0.014216676149226259,15.519758476316929,-0.8531394185498357
315.46,74.0,296,407,1487,606208,0.1595703125,2.2589492797851562,0.2,0.019511256,0.0003,0.9823045954108238,2950,-0.011518424714449794,4.642256399057805,-0.8052297987043857
325.43,73.0,297,408,1487,608256,0.14052734375,0.23816153407096863,0.2,0.017849509,0.0003,0.9954388639889657,2960,-0.00587853357574204,1.118462186353281,-0.951718220487237
345.13,71.0,298,410,1487,610304,0.16865234375,-0.030079757794737816,0.2,0.028299296,0.0003,0.8436477333307266,2970,0.00047635218070354315,0.06778866728709546,-0.8303648788481951
343.99,71.0,299,411,1487,612352,0.116455078125,0.06843474507331848,0.2,0.020438334,0.0003,0.9956327783875167,2980,-0.006256478549039457,0.11000384421131457,-0.8474774712696671
333.86,72.0,300,412,1487,614400,0.04326171875,0.365259051322937,0.2,0.008289391,0.0003,0.994552418589592,2990,-0.007196372066391632,3.3722607624717056,-0.3428104848600924
334.29,72.0,301,414,1487,616448,0.16591796875,0.26229873299598694,0.2,0.011209484,0.0003,0.9966085886117071,3000,-0.0007539496931713074,0.5309435748866236,-0.800995191000402
347.69,71.0,302,415,1487,618496,0.0390625,0.3568761944770813,0.2,0.006002807,0.0003,0.9953930322080851,3010,-0.011645037349808263,0.8858633277239278,-0.6668267644941807
352.44,70.0,303,417,1487,620544,0.057666015625,0.582607626914978,0.2,0.012504432,0.0003,0.9874308202415705,3020,-0.009929415612714366,2.8066532542463394,-0.8976923184469342
340.44,71.0,304,418,1487,622592,0.110888671875,0.3350595235824585,0.2,0.0104577225,0.0003,0.998930434230715,3030,-0.00609017546812538,0.37242293159360995,-0.5839536325074732
312.25,74.0,305,419,1487,624640,0.115673828125,-0.011785678565502167,0.2,0.053051878,0.0003,0.9995798612071667,3040,-0.0044365810375893485,0.11503470963361906,-0.6533484356477857
320.99,73.0,306,421,1487,626688,0.090380859375,0.9308294653892517,0.2,0.011069211,0.0003,0.992238343693316,3050,-0.0047660026117227975,1.2102030356414617,-0.8101685537025333
311.69,74.0,307,422,1487,628736,0.1353515625,-0.026119735091924667,0.2,0.020037372,0.0003,0.9998289589711931,3060,-0.010504276904975995,0.021611586235667345,-0.5477079356089234
290.06,76.0,308,424,1487,630784,0.1720703125,2.0982329845428467,0.2,0.019147918,0.0003,0.991544489748776,3070,-0.011150171162444166,1.8165555266663431,-0.6011655054055154
304.44,74.0,309,425,1487,632832,0.0533203125,0.0178719200193882,0.2,0.013596568,0.0003,0.9969836364034563,3080,-0.004386675509158522,0.7382762252149405,-0.4307406944222748
322.14,72.0,310,426,1487,634880,0.253271484375,-0.008571909740567207,0.2,0.038501695,0.0003,0.9997022131283302,3090,-0.0021946675376966597,0.035255327933555236,-0.9455287367105484
330.67,71.0,311,428,1487,636928,0.259326171875,0.02780786156654358,0.2,0.15071693,0.0003,0.9986974020721391,3100,-0.02903520155523438,0.1837453839878435,-0.8183005349710584
329.9,71.0,312,429,1487,638976,0.206396484375,-0.03626853972673416,0.2,0.032100268,0.0003,0.9885002272203565,3110,-0.020981812058016656,0.09368075497914105,-1.0943276397883892
299.8,74.0,313,431,1487,641024,0.10693359375,0.009160434827208519,0.2,0.023649832,0.0003,0.9963357315864414,3120,-0.011562495338148437,0.6625850178592373,-0.7506942111998797
304.01,74.0,314,432,1487,643072,0.099169921875,-0.0011289864778518677,0.2,0.03239842,0.0003,0.9991755404043943,3130,-0.00887962881824933,0.176712921950093,-0.9495042672380805
327.56,72.0,315,433,1487,645120,0.163671875,0.060808274894952774,0.2,0.059378423,0.0003,0.9654523581266403,3140,-0.015374063031049445,1.783762172574643,-0.9234145538881421
328.47,72.0,316,435,1487,647168,0.153515625,3.9755759239196777,0.2,0.041641496,0.0003,0.9670719355344772,3150,0.005592128608259373,6.648689357144758,-0.8533779315650463
347.39,70.0,317,436,1487,649216,0.1310546875,0.028861645609140396,0.2,0.020272471,0.0003,0.9900972992181778,3160,-0.007134257047437131,0.28650740465382113,-0.542273183260113
337.22,71.0,318,437,1487,651264,0.1521484375,0.018375061452388763,0.2,0.11015226,0.0003,0.9866101732477546,3170,-0.012880170022253879,0.29405217958756114,-0.7140600202605129
326.18,72.0,319,439,1487,653312,0.15576171875,0.14242953062057495,0.2,0.016066253,0.0003,0.9981516746338457,3180,-0.011385942340712062,0.41400825637974775,-0.5826752761378884
345.59,70.0,320,440,1487,655360,0.1458984375,0.7071791291236877,0.2,0.09285853,0.0003,0.991185637190938,3190,-0.03905078621173743,1.7377266352763399,-0.6869146985933184
346.14,70.0,321,442,1487,657408,0.063720703125,0.020525138825178146,0.2,0.00944441,0.0003,0.9978521612938493,3200,-0.015263537282589824,0.6057772998698056,-0.17262634735088794
330.07,72.0,322,443,1487,659456,0.11181640625,0.038496289402246475,0.2,0.014652995,0.0003,0.9941030577756464,3210,-0.009284241229761393,0.6860948101733811,-0.8437247391790151
340.18,71.0,323,444,1487,661504,0.055908203125,1.275046706199646,0.2,0.0047031483,0.0003,0.9963342889677733,3220,-0.010315505984181073,2.3615133427083492,-0.14899581169011072
332.81,71.0,324,446,1487,663552,0.209423828125,0.07616463303565979,0.2,0.021757852,0.0003,0.9972370963077992,3230,-0.0027947775553911923,0.17790234593121568,-0.8492103409022093
274.79,77.0,325,447,1487,665600,0.131201171875,0.09305717051029205,0.2,0.04024692,0.0003,0.9989653307711706,3240,-0.012580729137698653,0.4606346116866916,-0.8336512118577957
276.27,77.0,326,448,1487,667648,0.06953125,0.07407687604427338,0.2,0.059305117,0.0003,0.9994169436395168,3250,-0.007188963325461373,0.1922729792247992,-0.3688474445138127
286.21,76.0,327,450,1486,669696,0.10615234375,0.5057536959648132,0.2,0.027175177,0.0003,0.9970267249736935,3260,-0.009367334100534207,1.5073488082154654,-0.4908132619224489
273.02,77.0,328,451,1486,671744,0.18623046875,-0.033807218074798584,0.2,0.038307406,0.0003,0.9994112746790051,3270,-0.01626375982159516,0.02766461079736473,-0.9216556614264846
234.46,81.0,329,453,1486,673792,0.126953125,0.8448287844657898,0.2,0.022933215,0.0003,0.9977365029044449,3280,-0.010674282975378447,0.29055102457059545,-0.6194407293573022
232.69,81.0,330,454,1486,675840,0.1220703125,0.8232959508895874,0.2,0.06578715,0.0003,0.9889412214979529,3290,-0.0003292901907116175,3.3120114278979598,-0.7407197678461671
221.32,82.0,331,455,1486,677888,0.18564453125,0.0020941942930221558,0.2,0.026124524,0.0003,0.9995727456407622,3300,-0.01099955324898474,0.10836728750728071,-0.8147697886452079
224.74,82.0,332,457,1486,679936,0.119921875,0.029145721346139908,0.2,0.02126934,0.0003,0.9986827954417095,3310,-0.004686866860720329,0.23631935843004612,-0.965813428722322
238.28,81.0,333,458,1486,681984,0.18251953125,1.1689753532409668,0.2,0.03142959,0.0003,0.977897260338068,3320,-0.008021323443972505,5.803234398365021,-0.7309418918564916
208.13,84.0,334,460,1486,684032,0.11826171875,3.071138620376587,0.2,0.030682942,0.0003,0.9708142820745707,3330,-0.022737588002928532,9.315383275877684,-0.7220518857240676
218.36,83.0,335,461,1486,686080,0.0490234375,1.9942388534545898,0.2,0.014578094,0.0003,0.9796324335038662,3340,-0.004707532259635628,4.605738109722734,-0.6745196085423231
227.92,82.0,336,462,1486,688128,0.152490234375,0.3057941198348999,0.2,0.015774148,0.0003,0.997240302618593,3350,-0.001586584685719572,0.6094221265753731,-0.8518408617004752
226.77,82.0,337,464,1486,690176,0.092919921875,0.7636422514915466,0.2,0.02607242,0.0003,0.996784579474479,3360,-0.0071250666660489514,1.0326434061396867,-0.824568891339004
206.92,84.0,338,465,1486,692224,0.187255859375,0.04541962221264839,0.2,0.028135454,0.0003,0.9987498694099486,3370,-0.005549271355266683,0.14124569140112725,-0.8199853617697954
192.52,85.0,339,467,1486,694272,0.163916015625,0.047438766807317734,0.2,0.04019244,0.0003,0.9991816173424013,3380,-0.005271881887165364,0.12557952874849435,-0.8977059043943882
192.95,85.0,340,468,1486,696320,0.139111328125,0.0010509081184864044,0.2,0.016884074,0.0003,0.9995860700146295,3390,-0.0009077292896108701,0.18117859812628012,-0.8062280608341098
166.46,87.0,341,469,1486,698368,0.134033203125,0.2428906112909317,0.2,0.017961573,0.0003,0.9988460502354428,3400,-0.0069828943189349955,0.27210552082106004,-0.9310058617964387
174.1,86.0,342,471,1486,700416,0.319091796875,-0.01461532711982727,0.2,0.08633453,0.0003,0.9966601924970746,3410,-0.02854555832891492,0.7401106393474037,-0.8298386542126537
193.29,84.0,343,472,1486,702464,0.125244140625,-0.025957545265555382,0.2,0.030741706,0.0003,0.9993282050127164,3420,-0.013265177316498011,0.16914693189319224,-0.8311159189790487
213.17,82.0,344,473,1486,704512,0.2802734375,-0.04431770369410515,0.2,0.048322886,0.0003,0.9993528446066193,3430,-0.015272747940616681,0.035170266275963515,-1.058919216133654
218.38,82.0,345,475,1486,706560,0.150048828125,0.05694909021258354,0.2,0.2804921,0.0003,0.995142868719995,3440,-0.028217790607595817,0.45090348218218423,-0.914043927937746
219.36,82.0,346,476,1486,708608,0.1623046875,0.15950989723205566,0.2,0.03795986,0.0003,0.9891068954020739,3450,-0.011206728854449465,3.4153756440849974,-0.9600864909589291
209.1,83.0,347,478,1486,710656,0.1060546875,0.01955406367778778,0.2,0.014063273,0.0003,0.9993045505834743,3460,-0.00731264723581262,0.2367857001721859,-0.9494205320253968
222.75,82.0,348,479,1486,712704,0.063427734375,-0.005540655925869942,0.2,0.06991023,0.0003,0.9998862003631075,3470,-0.006522855581715703,0.02342916558009165,-1.0208075562492014
232.55,81.0,349,480,1486,714752,0.330908203125,0.34898853302001953,0.2,0.7144699,0.0003,0.9696030057966709,3480,0.07432425312290433,3.0849015130195765,-0.8138040367513895
251.72,79.0,350,482,1486,716800,0.184423828125,0.6662518978118896,0.2,0.12593445,0.0003,0.9336444586515427,3490,0.011808752146316692,16.906146454275586,-0.5191002911888063
271.22,77.0,351,483,1486,718848,0.239404296875,0.44262391328811646,0.2,0.045461565,0.0003,0.961282055824995,3500,0.01927261580422055,0.9132655308581888,-0.8129232225939631
290.63,75.0,352,484,1486,720896,0.0083984375,16.49312973022461,0.2,0.0012201256,0.0003,0.10817611217498779,3510,-0.0017377018957631662,19.894674899056554,-0.06255793935270049
309.32,73.0,353,486,1486,722944,0.37861328125,6.256072521209717,0.2,0.19864249,0.0003,0.9398688562214375,3520,-0.044959162891609596,6.0117797275946945,-0.593506286945194
318.09,72.0,354,487,1486,724992,0.215966796875,6.954813480377197,0.2,0.028179813,0.0003,0.01337498426437378,3530,0.026165748410858215,8.045012392662466,-0.34447926899883896
337.08,70.0,355,489,1486,727040,0.373681640625,0.07283413410186768,0.2,0.09221215,0.0003,0.9207630604505539,3540,-0.01787781710445415,3.7239198089489944,-0.682340594753623
356.32,68.0,356,490,1486,729088,0.2439453125,0.8307656049728394,0.2,0.04049865,0.0003,0.8483777344226837,3550,0.005552478198660537,4.872192300856113,-0.4526298726908863
375.43,66.0,357,491,1486,731136,0.248095703125,-0.020484790205955505,0.2,0.15743554,0.0003,0.9467430934309959,3560,0.028976539464201777,0.2190216354036238,-0.402629885263741
385.0,65.0,358,493,1486,733184,0.20703125,0.08583109825849533,0.2,0.0409322,0.0003,0.8264916390180588,3570,-0.014773787203012034,1.8081947464495898,-0.7611992247402668
404.4,63.0,359,494,1486,735232,0.2634765625,0.3123285472393036,0.2,0.04773031,0.0003,0.8363621085882187,3580,-0.007526739919558168,1.2518092193407937,-0.6788993690162897
414.33,62.0,360,495,1486,737280,0.17548828125,0.2619435787200928,0.2,0.069751054,0.0003,0.872329443693161,3590,-0.009432399237994105,0.48706225223722865,-0.34273559325374664
433.44,60.0,361,497,1486,739328,0.203076171875,0.23151865601539612,0.2,0.03200949,0.0003,0.9257519170641899,3600,-0.018821765371831133,0.7756042214576155,-0.7393972685560584
452.79,58.0,362,498,1486,741376,0.096337890625,-0.008025933988392353,0.2,0.012435492,0.0003,0.8698175400495529,3610,0.0013668052095454186,0.9994179250803427,-0.2818279201397672
472.57,56.0,363,500,1486,743424,0.150390625,0.00966108962893486,0.2,0.022241786,0.0003,0.9505255036056042,3620,-0.0038758427050197496,0.23090259783202782,-0.5700476774945855
483.38,55.0,364,501,1486,745472,0.076318359375,-0.026793647557497025,0.2,0.009005416,0.0003,0.8986456617712975,3630,-0.010011374583700671,0.12242241770336477,-0.32007518885657193
502.5,53.0,365,502,1486,747520,0.115283203125,1.2500098943710327,0.2,0.03869626,0.0003,0.6734175980091095,3640,0.006266352572129108,6.7095273131039,-0.6457662818022072
531.29,50.0,366,504,1486,749568,0.296826171875,-0.09347105771303177,0.2,0.0686764,0.0003,0.8974774405360222,3650,-0.040505964437033984,0.00348076295381361,-0.4146950961090624
540.46,49.0,367,505,1486,751616,0.3603515625,2.0174269676208496,0.2,0.08642446,0.0003,0.8981307744979858,3660,-0.04900422455684748,9.611724293231964,-0.47112859450280664
559.71,47.0,368,506,1486,753664,0.13212890625,0.07451304793357849,0.2,0.17012785,0.0003,0.9809406083077192,3670,-0.005388880879036151,0.5546215493712225,-0.14283450883231125
569.62,46.0,369,508,1486,755712,0.27333984375,0.2821637690067291,0.2,0.059045333,0.0003,0.15491831302642822,3680,-0.01016098253603559,0.3022883375539095,-0.7297174299135805
578.67,45.0,370,509,1486,757760,0.136474609375,0.023568302392959595,0.2,0.026446756,0.0003,0.9891805266961455,3690,-0.00022423521149903536,0.18815188140579267,-0.6834750220179557
597.65,43.0,371,511,1486,759808,0.212158203125,0.018382783979177475,0.2,0.02665703,0.0003,0.9923614906147122,3700,-0.01482765247055795,0.2008180105709471,-1.1687565114349128
616.83,41.0,372,512,1486,761856,0.102099609375,-0.0010136933997273445,0.2,0.035419125,0.0003,0.9162922725081444,3710,-0.005387786816572771,0.06789045561563398,-0.5786847556941211
635.49,39.0,373,513,1486,763904,0.085693359375,-0.051259998232126236,0.2,0.008450888,0.0003,0.9481532163918018,3720,-0.027060477374470794,0.004242794787478488,-0.28785294538829476
644.81,38.0,374,515,1486,765952,0.188818359375,8.013216018676758,0.2,0.032532535,0.0003,0.6982659101486206,3730,-0.024568203784292565,17.80095130428672,-1.1279164548963307
664.05,36.0,375,516,1486,768000,0.210693359375,0.05366033688187599,0.2,0.03461368,0.0003,0.9695409033447504,3740,-0.014983778953319416,0.395939796444145,-1.106243026815355
664.05,36.0,376,517,1486,770048,0.141748046875,1.2239278554916382,0.2,0.012288958,0.0003,0.8258638978004456,3750,0.0028605101571884005,2.7487188288010658,-0.3133743207436055
673.62,35.0,377,519,1486,772096,0.443603515625,-0.055042557418346405,0.2,0.046239756,0.0003,0.7054971158504486,3760,-0.03742979247181211,0.03892672823749308,-0.882892794534564
684.97,34.0,378,520,1486,774144,0.08232421875,-0.027765709906816483,0.2,0.012646976,0.0003,0.4268236756324768,3770,-0.0027098076679976657,0.022915593396101032,-0.32658371548168363
699.05,32.0,379,522,1486,776192,0.04873046875,2.480020046234131,0.2,0.0136226155,0.0003,0.8369941115379333,3780,-0.0011902449536137284,15.662635272741317,-0.3837715042755008
699.05,32.0,380,523,1486,778240,0.09873046875,-0.050329532474279404,0.2,0.030889114,0.0003,0.8701547384262085,3790,-0.02388423474621959,0.3816914973547682,-1.1997036140412092
718.2,30.0,381,524,1486,780288,0.299755859375,0.9917069673538208,0.2,0.07327102,0.0003,0.552669495344162,3800,-0.03840526104322635,4.278177127242088,-1.0510772168636322
737.36,28.0,382,526,1486,782336,0.0951171875,0.15836495161056519,0.2,0.01821487,0.0003,0.7948922514915466,3810,0.0049061128869652745,3.1223989465725026,-0.2946329946629703
748.75,27.0,383,527,1486,784384,0.398583984375,0.4074902832508087,0.2,0.38307706,0.0003,0.8667575418949127,3820,-0.029520717705599962,1.14232765525594,-0.4139720816339832
766.76,26.0,384,528,1486,786432,0.02578125,0.3430437445640564,0.2,0.005318986,0.0003,0.840075209736824,3830,-0.006231837905943394,4.798382583184866,-0.14053651643916965
782.06,25.0,385,530,1486,788480,0.083154296875,9.777115821838379,0.2,0.05697935,0.0003,0.9066328778862953,3840,-0.009990714682498947,16.828432670235635,-0.4460714879445732
782.92,25.0,386,531,1486,790528,0.143505859375,0.13795551657676697,0.2,0.0152863655,0.0003,0.9734631292521954,3850,-0.007106594109791331,1.9505545916268603,-0.8874480199068785
757.76,28.0,387,533,1486,792576,0.067529296875,0.5017937421798706,0.2,0.0077433623,0.0003,0.9590467810630798,3860,-0.011489466001512483,2.598134501068853,-0.22735803718678654
748.04,29.0,388,534,1486,794624,0.1044921875,3.4031882286071777,0.2,0.01848004,0.0003,0.9499449096620083,3870,-0.01621839102299418,12.431872428208589,-0.9202873839065433
712.24,33.0,389,535,1486,796672,0.1501953125,0.21387450397014618,0.2,0.05093389,0.0003,0.9777974095195532,3880,-0.006605377336381934,0.9560753597848816,-0.4031602145172656
712.24,33.0,390,537,1486,798720,0.022607421875,3.0063061714172363,0.2,0.0035413085,0.0003,0.9776558913290501,3890,-0.003972891351440922,9.307468874193727,-0.17995990058407188
667.85,38.0,391,538,1486,800768,0.397998046875,0.027632351964712143,0.2,0.20135778,0.0003,0.9126526042819023,3900,-0.05962384222075343,0.004939815687725968,-0.5519617145881057
667.85,38.0,392,540,1486,802816,0.184375,0.844559907913208,0.2,0.0129838325,0.0003,0.9801196306943893,3910,-0.0438890857010847,6.584726697648875,-0.49150785030797123
590.65,46.0,393,541,1486,804864,0.245166015625,0.07452388852834702,0.2,0.028073661,0.0003,0.916774220764637,3920,-0.011693783858208916,0.6199126681196503,-1.1097131932154298
571.97,48.0,394,542,1486,806912,0.045654296875,3.1075034141540527,0.2,0.012021381,0.0003,0.9687660932540894,3930,-0.0020502782892435787,6.0287329906597735,-0.8663760043680668
585.84,47.0,395,544,1486,808960,0.06162109375,0.2564810812473297,0.2,0.0123050595,0.0003,0.9962027124129236,3940,0.0013979199808090924,0.6578317319697817,-0.29700763877481223
576.27,48.0,396,545,1486,811008,0.137060546875,0.27841803431510925,0.2,0.039080925,0.0003,0.9809908103197813,3950,-0.036117700816248544,1.643005965591874,-0.7022844891063869
519.32,54.0,397,546,1486,813056,0.239306640625,0.06473154574632645,0.2,0.025826186,0.0003,0.9979720518458635,3960,-0.009466299304040148,0.08430064616477466,-0.9441889300942421
490.04,57.0,398,548,1486,815104,0.038720703125,0.3949238657951355,0.2,0.0070037423,0.0003,0.9918833468109369,3970,-0.00791990363286459,3.103232712554745,-0.1828365243272856
490.04,57.0,399,549,1487,817152,0.141845703125,0.11333321034908295,0.2,0.04485046,0.0003,0.9967273320071399,3980,-0.008288935755263082,0.18545315283699892,-0.8675293663516641
480.57,58.0,400,550,1487,819200,0.274951171875,2.1097605228424072,0.2,0.02807549,0.0003,0.5683153569698334,3990,-0.012008363650238607,2.095008791517466,-1.1196854051202536
467.8,59.0,401,552,1487,821248,0.22998046875,-0.01676759496331215,0.2,0.016051874,0.0003,0.9934641253203154,4000,0.0007082077499944717,0.13813233751425286,-1.160714305564761
420.75,64.0,402,553,1487,823296,0.143017578125,-0.007945777848362923,0.2,0.026992964,0.0003,0.9987359518418089,4010,-0.005765285419329302,0.11743768717387866,-0.5095964644104243
408.19,65.0,403,555,1487,825344,0.043310546875,1.2491739988327026,0.2,0.021400481,0.0003,0.9683637842535973,4020,-0.011258642628672533,4.069221606478095,-0.7207555752247572
421.45,63.0,404,556,1487,827392,0.06826171875,0.7798330783843994,0.2,0.019366987,0.0003,0.9438459575176239,4030,-0.0001258889154996723,11.64524266240187,-0.4234369698446244
426.29,63.0,405,557,1487,829440,0.160009765625,12.033740997314453,0.2,0.05855826,0.0003,0.8737468421459198,4040,-0.00323588242608821,14.80959982876666,-0.37685104487463833
413.91,64.0,406,559,1487,831488,0.1275390625,1.9495030641555786,0.2,0.01695632,0.0003,0.9689483549445868,4050,-0.008611207388457841,4.602225801814347,-0.7978026142343879
419.64,63.0,407,560,1487,833536,0.079736328125,4.09194803237915,0.2,0.013401026,0.0003,0.9843303821980953,4060,-0.009444921358954162,4.230443274509161,-0.3834258270449936
403.89,65.0,408,561,1487,835584,0.083642578125,1.4619454145431519,0.2,0.007746228,0.0003,0.9888707008212805,4070,-0.006403896101983264,2.620867357007228,-0.4539347909390926
401.98,65.0,409,563,1487,837632,0.106201171875,1.9277029037475586,0.2,0.014308257,0.0003,0.978472363203764,4080,-0.022486527950968595,5.800118383020163,-0.5480907155200839
391.8,66.0,410,564,1487,839680,0.213916015625,1.0690230131149292,0.2,0.026367627,0.0003,0.9166389852762222,4090,-0.01910895514301956,4.397817975655198,-1.058380209468305
411.22,64.0,411,566,1486,841728,0.134912109375,1.4959056377410889,0.2,0.024463885,0.0003,0.9831531029194593,4100,-0.021501370807527564,1.9093210944905876,-0.8079978628084064
411.24,64.0,412,567,1486,843776,0.245166015625,0.144645094871521,0.2,0.032431222,0.0003,0.9119847044348717,4110,-0.010998322532395832,0.9438027100171894,-1.196196197718382
420.3,63.0,413,568,1486,845824,0.269580078125,-0.005916576832532883,0.2,0.08082,0.0003,0.9969373699277639,4120,0.002777281668386422,0.07951635360368528,-1.0933894015848638
420.59,63.0,414,570,1486,847872,0.197021484375,-0.0340796560049057,0.2,0.05470535,0.0003,0.9966321547981352,4130,-0.013351319245703052,0.20331752059100835,-0.8473677853122353
417.09,63.0,415,571,1486,849920,0.03720703125,0.4784979820251465,0.2,0.005416204,0.0003,0.9828756581991911,4140,-0.012546564277727157,1.7012008751276881,-0.2075786059955135
397.6,65.0,416,572,1486,851968,0.112060546875,0.09006695449352264,0.2,0.018552437,0.0003,0.9957671347074211,4150,-0.006426235797698609,0.33304973964695817,-1.0078516680747271
407.55,64.0,417,574,1486,854016,0.088916015625,0.01836048811674118,0.2,0.018132046,0.0003,0.9993827117723413,4160,-0.007377015901147388,0.08647344067649101,-0.5844257368706167
408.84,64.0,418,575,1486,856064,0.2302734375,0.6214652061462402,0.2,0.0224369,0.0003,0.9762474577873945,4170,-0.017326021968619897,1.362798361107707,-1.060565877892077
390.01,67.0,419,577,1486,858112,0.048681640625,0.13481688499450684,0.2,0.011859497,0.0003,0.9976689713075757,4180,-0.02056177475315053,0.980846281099366,-0.16728236807975919
382.95,68.0,420,578,1486,860160,0.094482421875,14.048480987548828,0.2,0.009238105,0.0003,0.9752478208392859,4190,-0.014388500605127775,8.619960903469472,-0.8537388259544969
391.18,67.0,421,579,1486,862208,0.116357421875,0.6472821235656738,0.2,0.010560013,0.0003,0.992792007047683,4200,-0.016724287185934373,3.7772941662929953,-0.4628748896531761
360.14,71.0,422,581,1486,864256,0.174365234375,-0.01738179288804531,0.2,0.024650522,0.0003,0.9983085356652737,4210,-0.021086721305618995,0.1688357142265886,-0.5907299485057592
322.34,74.0,423,582,1486,866304,0.12763671875,15.296801567077637,0.2,0.013706843,0.0003,0.9737051539123058,4220,-0.020906886129523627,17.560869420692324,-1.0486081479117275
301.97,76.0,424,584,1486,868352,0.078466796875,0.8817881345748901,0.2,0.01388563,0.0003,0.9887417471036315,4230,-0.00975385535566602,6.038618202786893,-0.9756812060251832
284.03,78.0,425,585,1486,870400,0.068115234375,3.8283114433288574,0.2,0.008119069,0.0003,0.981848681345582,4240,-0.012990186849492602,9.28210642207414,-0.8499149411916733
274.6,79.0,426,586,1486,872448,0.04296875,0.424324095249176,0.2,0.004614317,0.0003,0.9863310661166906,4250,-0.005895439136656933,2.233563864044845,-0.12048501558892895
257.12,81.0,427,588,1486,874496,0.19130859375,0.048939481377601624,0.2,0.027159166,0.0003,0.9970806878991425,4260,-0.007138358007068746,0.12203774256049656,-0.877529714629054
267.58,80.0,428,589,1486,876544,0.171044921875,1.205892562866211,0.2,0.012594776,0.0003,0.986296315677464,4270,-0.00798707890935475,4.38572799754329,-0.8641687480732798
231.45,84.0,429,590,1486,878592,0.162255859375,0.018256906419992447,0.2,0.014316345,0.0003,0.997211404144764,4280,-0.01163384952233173,0.1550844317793235,-0.5743307531811297
230.06,84.0,430,592,1486,880640,0.157275390625,14.704386711120605,0.2,0.017500654,0.0003,0.9949696101248264,4290,-0.027727340813726187,4.5657280146609995,-0.6652640765532851
212.35,85.0,431,593,1486,882688,0.216455078125,0.17002181708812714,0.2,0.029912082,0.0003,0.9981586507055908,4300,-0.0041683894844027234,0.20217582884361035,-0.8951974373310805
215.34,85.0,432,595,1486,884736,0.056005859375,0.3985062837600708,0.2,0.008663163,0.0003,0.9945410648360848,4310,-0.016439801760134286,1.9140965814935043,-0.3418041471391916
220.9,84.0,433,596,1486,886784,0.104638671875,0.6083171963691711,0.2,0.011188976,0.0003,0.9930540448985994,4320,-0.016474905217182822,1.5038865024689585,-0.2963580613024533
224.79,84.0,434,597,1487,888832,0.0376953125,0.008610280230641365,0.2,0.008245332,0.0003,0.9987372950417921,4330,-0.009389634244143963,0.09704256863042246,-0.19132760115899144
224.85,83.0,435,599,1487,890880,0.077783203125,1.0106372833251953,0.2,0.0065091597,0.0003,0.9950072872452438,4340,-0.008922125553363002,2.3122795787174253,-0.5472532287240028
231.43,82.0,436,600,1487,892928,0.06767578125,-0.024839825928211212,0.2,0.027633497,0.0003,0.9998436509049498,4350,-0.010311288462253288,0.053372521592245904,-0.13777927190240008
212.14,85.0,437,601,1487,894976,0.1333984375,0.2948858439922333,0.2,0.019162435,0.0003,0.991424442268908,4360,-0.008426559479266871,1.3964348959969357,-0.9845471305772662
196.89,87.0,438,603,1487,897024,0.108349609375,0.5451977252960205,0.2,0.086255744,0.0003,0.9957832219079137,4370,-0.008907111824373714,1.1539886423153802,-0.9350693043321371
150.66,92.0,439,604,1487,899072,0.09287109375,0.5616825222969055,0.2,0.034994133,0.0003,0.9955251556821167,4380,-0.028816401225049047,2.345191379636526,-0.6539689911529422
160.0,91.0,440,605,1487,901120,0.089404296875,0.46009743213653564,0.2,0.1392915,0.0003,0.9907821239903569,4390,-0.018744135525776074,2.1691114702261984,-0.2750771557446569
178.38,89.0,441,607,1487,903168,0.14326171875,0.751850426197052,0.2,0.0032278402,0.0003,0.5857377350330353,4400,-0.0014402967135538347,18.629640458349606,-0.17519611717143563
177.51,89.0,442,608,1487,905216,0.101953125,5.182516574859619,0.2,0.09261649,0.0003,0.7905735373497009,4410,-0.006035696990147698,46.35362360849977,-0.20709847051184624
195.18,87.0,443,610,1487,907264,0.094189453125,3.1371426582336426,0.2,0.0042181183,0.0003,0.7445349097251892,4420,-0.003854261076776311,14.789716403186322,-0.14575028454419225
204.87,86.0,444,611,1487,909312,0.284912109375,0.6831826567649841,0.2,0.8309932,0.0003,0.9489393457770348,4430,-0.0414817266020691,6.497839088831097,-0.6877375409007073
205.63,86.0,445,612,1487,911360,0.512890625,6.892390727996826,0.2,0.04179134,0.0003,0.9500514380633831,4440,-0.005034635125775821,7.177525094384327,-0.6596405109390616
225.11,84.0,446,614,1487,913408,0.197314453125,9.338918685913086,0.2,0.020595286,0.0003,0.8657678514719009,4450,0.006489524434437044,16.184870576672257,-0.6367644575424493
226.92,86.0,447,615,1487,915456,0.396337890625,6.1997246742248535,0.2,0.05689144,0.0003,0.5397871434688568,4460,0.016316729731624947,7.876150252018124,-0.5605188632383943
226.96,86.0,448,616,1487,917504,0.18916015625,24.997798919677734,0.2,0.050707117,0.0003,0.9415001049637794,4470,-0.006860333449731115,23.216088665276764,-0.5431424587965011
242.77,86.0,449,618,1487,919552,0.107470703125,8.266949653625488,0.2,0.014485348,0.0003,0.948851216584444,4480,-0.007542016603110824,17.441765126213433,-0.7391605200245976
237.45,86.0,450,619,1487,921600,0.3822265625,10.85845947265625,0.2,0.109770775,0.0003,0.9571812227368355,4490,-0.028957664949120953,23.474490550160407,-0.5492498971521854
248.57,85.0,451,620,1487,923648,0.1515625,17.152587890625,0.2,0.033224747,0.0003,0.934716209769249,4500,-0.024495612794999032,30.483968755602838,-0.47551805395632984
214.76,89.0,452,622,1487,925696,0.1712890625,6.059453010559082,0.2,0.018552434,0.0003,0.9791593849658966,4510,-0.011165586460265331,8.932466645911337,-0.6577564379200339
139.8,97.0,453,623,1487,927744,0.0947265625,0.608392596244812,0.2,0.024788313,0.0003,0.9872873844578862,4520,-0.005167797702597454,4.71267776209861,-0.6375016201287508
91.28,98.0,454,625,1487,929792,0.11875,9.421319961547852,0.2,0.031531706,0.0003,0.9808055274188519,4530,-0.017125918422243556,13.23216354250908,-0.395787541475147
82.71,99.0,455,626,1487,931840,0.11650390625,4.827486515045166,0.2,0.017375523,0.0003,0.9692492987960577,4540,-0.013683281149133109,8.977875995635987,-0.2915101338643581
78.23,99.0,456,627,1487,933888,0.15234375,1.516547679901123,0.2,0.014384655,0.0003,0.9936567097902298,4550,-0.010090937998029403,5.1219399336725475,-0.5984344109892845
75.8,99.0,457,629,1487,935936,0.113134765625,2.1193466186523438,0.2,0.02727366,0.0003,0.9906077673658729,4560,-0.007384081964846701,3.247272356785834,-0.30681993728503587
79.1,99.0,458,630,1487,937984,0.151904296875,2.7497341632843018,0.2,0.019992307,0.0003,0.9738229867070913,4570,-0.012263180667650886,4.757361587882042,-0.3808941395021975
88.91,98.0,459,631,1487,940032,0.219921875,0.5596728324890137,0.2,0.027880903,0.0003,0.996825163019821,4580,-0.029592902780859732,2.0184909734874963,-0.6418981022201479
80.83,99.0,460,633,1487,942080,0.18037109375,1.0363482236862183,0.2,0.05982954,0.0003,0.9959819354116917,4590,-0.015498766637756489,1.8035478616133331,-0.3969078299589455
79.07,99.0,461,634,1487,944128,0.335546875,2.865898370742798,0.2,0.04145623,0.0003,0.9522290751338005,4600,-0.04628694961720612,6.123470384255052,-0.42004785845056175
66.93,100.0,462,636,1487,946176,0.25986328125,2.5369338989257812,0.2,0.10340047,0.0003,0.9147776141762733,4610,-0.021004037180682646,6.758675158023834,-0.5254622251726687
75.39,100.0,463,637,1487,948224,0.21337890625,2.165046453475952,0.2,0.044411264,0.0003,0.9717628117650747,4620,-0.033116520769544876,3.8591820292174814,-0.42764638653025033
84.3,100.0,464,638,1487,950272,0.161767578125,3.559476613998413,0.2,0.031541403,0.0003,0.9577538333833218,4630,-0.014900361085892655,7.106780688464641,-0.4757522405125201
88.24,100.0,465,640,1487,952320,0.1744140625,4.186662673950195,0.2,0.024289425,0.0003,0.9382784739136696,4640,-0.011715395792271011,13.123457984626294,-0.6926536004990339
88.02,100.0,466,641,1487,954368,0.179443359375,9.660313606262207,0.2,0.012887406,0.0003,0.947390291839838,4650,-0.015854214984574354,20.277103367447854,-0.5266351237893104
82.87,100.0,467,642,1487,956416,0.237255859375,5.750225067138672,0.2,0.019430107,0.0003,0.9658604972064495,4660,-0.027742008717905265,13.095108787715436,-0.42700185291469095
66.35,100.0,468,644,1487,958464,0.211083984375,3.9169743061065674,0.2,0.020733003,0.0003,0.971522519364953,4670,-0.020512410896481016,6.254469928890467,-0.4388897494412959
66.85,100.0,469,645,1487,960512,0.2205078125,0.9871005415916443,0.2,0.074321985,0.0003,0.9811611194163561,4680,-0.024579340397031045,5.523948280885816,-0.4096440906636417
66.01,100.0,470,647,1487,962560,0.26875,4.000247001647949,0.2,0.045089178,0.0003,0.9737865421921015,4690,-0.02548658767773304,6.821704626083374,-0.4757680415175855
73.12,100.0,471,648,1487,964608,0.24892578125,2.587355852127075,0.2,0.033914343,0.0003,0.9810690991580486,4700,-0.02597462248522788,4.939469933509827,-0.44720086697489025
79.01,100.0,472,649,1487,966656,0.27470703125,1.2985403537750244,0.2,0.044286437,0.0003,0.9882124355062842,4710,-0.02542520617134869,2.3593329813331367,-0.4233035662211478
71.95,100.0,473,651,1487,968704,0.23759765625,3.2457754611968994,0.2,0.050416257,0.0003,0.9248122498393059,4720,-0.021092320448951797,7.133785125613213,-0.49516941970214245
61.66,100.0,474,652,1487,970752,0.2365234375,1.446060299873352,0.2,0.0315722,0.0003,0.9793182089924812,4730,-0.023181109401048162,3.9138676416128875,-0.37438553031533955
57.02,100.0,475,654,1487,972800,0.176220703125,1.0699973106384277,0.2,0.036086682,0.0003,0.989061739295721,4740,-0.02114096115110442,2.1475765092298387,-0.31258431673049925
57.1,100.0,476,655,1487,974848,0.187548828125,0.5101717710494995,0.2,0.04070918,0.0003,0.9880892476066947,4750,-0.02247025633987505,1.588444609567523,-0.31573511539027094
62.33,100.0,477,656,1487,976896,0.218505859375,1.6031349897384644,0.2,0.05745841,0.0003,0.9767651315778494,4760,-0.029009007290005683,3.1451347332447765,-0.34453299595043063
64.04,100.0,478,658,1487,978944,0.17412109375,7.050377368927002,0.2,0.032271028,0.0003,0.9286130219697952,4770,-0.020187854443793184,12.003252337872983,-0.36302522085607053
64.73,100.0,479,659,1487,980992,0.095947265625,4.255516052246094,0.2,0.010199787,0.0003,0.9572393260896206,4780,-0.013003591742017307,11.686172220110894,-0.30312211364507674
63.03,100.0,480,660,1487,983040,0.1013671875,3.642939567565918,0.2,0.018080961,0.0003,0.972819946706295,4790,-0.01491323183872737,7.289016299694777,-0.3022005723323673
56.92,100.0,481,662,1487,985088,0.144580078125,1.0205022096633911,0.2,0.020831697,0.0003,0.9881987627595663,4800,-0.01697919212456327,2.1707282032817603,-0.28980912584811447
55.95,100.0,482,663,1487,987136,0.2103515625,0.45758116245269775,0.2,0.050085105,0.0003,0.9927098355256021,4810,-0.030520540149882435,1.2838105469942094,-0.2699397698044777
55.8,100.0,483,664,1487,989184,0.193017578125,0.8992697596549988,0.2,0.04838892,0.0003,0.9933239188976586,4820,-0.02439684517448768,1.5946765890344978,-0.3071106428280473
60.13,100.0,484,666,1487,991232,0.22451171875,0.25151216983795166,0.2,0.06981684,0.0003,0.9976392358075827,4830,-0.031248450750717895,0.4700438858009875,-0.27744857864454386
54.48,100.0,485,667,1487,993280,0.24140625,1.415405035018921,0.2,0.041901007,0.0003,0.982754660770297,4840,-0.03227324419422075,3.240968542546034,-0.3490005119238049
53.06,100.0,486,669,1487,995328,0.19462890625,0.39986518025398254,0.2,0.09989406,0.0003,0.9878154397010803,4850,-0.012468211760278791,1.7193642714992166,-0.2925162225961685
57.88,100.0,487,670,1487,997376,0.1802734375,0.22832711040973663,0.2,0.084286176,0.0003,0.9956929106265306,4860,-0.03577717763546388,0.6539968637283892,-0.20857395373750479
62.55,100.0,488,671,1487,999424,0.2337890625,1.6249669790267944,0.2,0.04765205,0.0003,0.9805733878165483,4870,-0.02134329480177257,4.722852965816855,-0.4025523544289172
65.32,100.0,489,673,1487,1001472,0.196142578125,1.050368070602417,0.2,0.041625448,0.0003,0.9883009903132915,4880,-0.0021791251347167417,2.2629142425954343,-0.2866745112463832
